UNIQUE_ID,hp_pred,hp_pred_50
245203329,0.25230774,0.1261538714170456
245255130,0.28668284,0.14334142208099365
245127268,0.029963838,0.014981918968260288
245117275,0.046272192,0.023136096075177193
231615474,0.49485558,0.2474277913570404
245225283,0.026681047,0.013340523466467857
125594054,0.290665,0.14533250033855438
245217086,0.01744658,0.008723289705812931
245101153,0.018071573,0.009035786613821983
245129097,0.29237145,0.1461857259273529
232621120,0.103111975,0.05155598744750023
244994904,0.09524734,0.04762367159128189
244991647,0.11197328,0.055986639112234116
245185380,0.05047445,0.025237224996089935
245091989,0.7690342,0.384517103433609
245096151,0.008013859,0.004006929695606232
245079388,0.028145408,0.014072704128921032
240065100,0.21766876,0.10883437842130661
245144704,0.017442394,0.00872119702398777
245026619,0.10667737,0.053338684141635895
244961199,0.019831534,0.00991576723754406
244997505,0.04573608,0.022868039086461067
245085194,0.026570369,0.013285184279084206
245229461,0.07857576,0.039287880063056946
245192188,0.021672089,0.010836044326424599
240788520,0.081849076,0.04092453792691231
245206968,0.010612127,0.005306063685566187
245061530,0.02431095,0.012155475094914436
245216887,0.07355374,0.03677687048912048
245152282,0.04828476,0.02414238080382347
242906329,0.11434744,0.0571737214922905
245061918,0.016625298,0.008312649093568325
245108959,0.015489949,0.007744974456727505
245112638,0.10879516,0.0543975792825222
245015823,0.06977528,0.0348876416683197
245124580,0.082777426,0.04138871282339096
245100656,0.1112247,0.05561235174536705
245136772,0.08924974,0.04462486878037453
245235524,0.118168846,0.05908442288637161
245161993,0.27669653,0.1383482664823532
245134725,0.12337011,0.06168505549430847
245073284,0.09412382,0.04706190899014473
241596047,0.06330118,0.031650591641664505
244989748,0.031077309,0.015538654290139675
245155947,0.21180859,0.10590429604053497
245191383,0.17765024,0.08882512152194977
242882075,0.15102533,0.07551266252994537
245098533,0.026315248,0.013157623820006847
245015148,0.13996226,0.06998112797737122
245219956,0.1329931,0.06649655103683472
245088777,0.23714411,0.11857205629348755
245119643,0.021347847,0.010673923417925835
245204977,0.09680869,0.04840434342622757
245026002,0.07932578,0.03966289013624191
245186977,0.015437354,0.007718677166849375
245107170,0.07789456,0.03894728049635887
242129605,0.11279743,0.05639871582388878
241092454,0.791796,0.3958980143070221
245206667,0.029933387,0.014966693706810474
245268078,0.61309487,0.3065474331378937
245023532,0.013557008,0.006778503768146038
245094068,0.0025045946,0.0012522973120212555
245085430,0.09313506,0.04656752943992615
244231855,0.10355042,0.05177520960569382
245230120,0.04169637,0.020848184823989868
245075574,0.0006096785,0.0003048392536584288
245211362,0.11740282,0.05870141088962555
245171693,0.04866282,0.024331409484148026
235264448,0.028710138,0.014355069026350975
245161169,0.17421602,0.08710800856351852
121734656,0.096076086,0.048038043081760406
245059555,0.099579036,0.04978951811790466
245085433,0.06674457,0.03337228670716286
245002512,0.082357004,0.04117850214242935
244967670,0.13763088,0.0688154399394989
245153046,0.026248865,0.013124432414770126
245107641,0.26169264,0.1308463215827942
245122304,0.10314924,0.051574621349573135
245117338,0.10387586,0.051937930285930634
245173199,0.879633,0.43981650471687317
245113639,0.06510447,0.03255223482847214
245220684,0.052674484,0.026337241753935814
245264854,0.010836047,0.005418023560196161
245222868,0.19751462,0.0987573117017746
245242755,0.6260466,0.31302329897880554
244991167,0.2069577,0.10347884893417358
245102091,0.32077888,0.16038943827152252
226381273,0.04789516,0.02394757978618145
245198315,0.051962014,0.025981007143855095
245080148,0.22807845,0.11403922736644745
245160740,0.064701475,0.03235073760151863
245135781,0.08818379,0.04409189522266388
245171317,0.20760128,0.10380063951015472
244964930,0.049367055,0.024683527648448944
245196443,0.01066407,0.0053320350125432014
241986635,0.15355755,0.07677877694368362
245090631,0.011748398,0.005874198861420155
245195860,0.124633215,0.06231660768389702
245195035,0.26455465,0.13227732479572296
245080520,0.06736137,0.03368068486452103
245065637,0.063944295,0.03197214752435684
245207664,0.23542598,0.11771298944950104
245237160,0.08216882,0.0410844087600708
245068278,0.07777922,0.03888960927724838
229905162,0.7211767,0.36058834195137024
244952052,0.0154017275,0.0077008637599647045
245083894,0.07591951,0.0379597544670105
245141551,0.026013501,0.013006750494241714
245168959,0.23078053,0.11539026349782944
238696423,0.3112458,0.15562289953231812
245123873,0.29730025,0.148650124669075
245033641,0.0009052891,0.0004526445409283042
245118814,0.42764255,0.21382127702236176
244960688,0.12656295,0.06328147649765015
245122164,0.26930898,0.13465449213981628
245122398,0.17035486,0.08517742902040482
245100898,0.28686556,0.14343278110027313
245202774,0.10786627,0.05393313616514206
245226141,0.07799555,0.03899777680635452
244519934,0.21223575,0.10611787438392639
245135578,0.011066376,0.0055331881158053875
231415841,0.06665993,0.03332996368408203
244987651,0.024998015,0.012499007396399975
245081608,0.15194461,0.0759723037481308
245226067,0.22656952,0.11328475922346115
245139162,0.016539885,0.008269942365586758
235890812,0.27548602,0.1377430111169815
234973763,0.0065041804,0.003252090187743306
245151808,0.178193,0.08909650146961212
245167774,0.13309348,0.0665467381477356
233048109,0.2503538,0.12517690658569336
245075734,0.058902465,0.02945123240351677
245222606,0.018763795,0.009381897747516632
245071110,0.03876021,0.019380105659365654
245096120,0.08185058,0.0409252904355526
245091492,0.13374177,0.06687088310718536
245073955,0.02948252,0.014741259627044201
242971856,0.034334682,0.017167340964078903
245171593,0.0085029015,0.004251450765877962
245217078,0.0057273894,0.002863694680854678
245084897,0.11321194,0.05660596862435341
245094067,0.00561394,0.0028069699183106422
245207928,0.08272998,0.041364990174770355
245113575,0.18747294,0.09373646974563599
120606170,0.36746883,0.18373441696166992
245166592,0.023127338,0.011563668958842754
241995384,0.10083897,0.050419483333826065
245225261,0.07503242,0.03751621022820473
245211902,0.01779196,0.008895980194211006
245198486,0.12804046,0.06402023136615753
244957600,0.15198143,0.0759907141327858
244945087,0.10473757,0.05236878618597984
245066239,0.0030951223,0.0015475611435249448
245094164,0.051820017,0.02591000869870186
245060967,0.029614426,0.014807213097810745
245057242,0.16872951,0.08436475694179535
245141898,0.6570521,0.3285260498523712
245160608,0.009651183,0.004825591575354338
245133624,0.003065863,0.0015329314628615975
245159588,0.13985753,0.06992876529693604
244982626,0.0022815631,0.0011407815618440509
236796233,0.10817437,0.054087184369564056
239598404,0.18782887,0.09391443431377411
125984614,0.078053124,0.03902656212449074
245178847,0.007999672,0.003999835811555386
245172978,0.037636086,0.018818043172359467
244973425,0.015858468,0.007929233834147453
245105628,0.020196864,0.010098432190716267
245051032,0.039372873,0.019686436280608177
245050623,0.11587686,0.057938430458307266
239173408,0.14584759,0.07292379438877106
245046720,0.18605857,0.09302928298711777
245085652,0.14907962,0.07453981041908264
245084645,0.007350021,0.003675010520964861
245032916,0.014150258,0.007075129076838493
244961466,0.48154604,0.2407730221748352
245112206,0.030516226,0.01525811292231083
244967460,0.105967216,0.052983608096838
235137680,0.27162075,0.13581037521362305
245176733,0.10611991,0.053059954196214676
245036746,0.08888569,0.04444284364581108
239583219,0.043084137,0.02154206857085228
244959938,0.19494179,0.09747089445590973
245064301,0.08215207,0.04107603430747986
245030127,0.16074827,0.08037413656711578
245105553,0.23000881,0.11500440537929535
245187705,0.066111624,0.03305581212043762
245169510,0.066317216,0.03315860778093338
245220226,0.47981772,0.2399088591337204
244995123,0.121694624,0.060847312211990356
244958839,0.014671029,0.007335514295846224
245142309,0.01669282,0.008346409536898136
244992910,0.15955563,0.07977781444787979
245035199,0.12797701,0.06398850679397583
245084500,0.0032276101,0.0016138050705194473
245123538,0.41175783,0.20587891340255737
245069812,0.028368253,0.014184126630425453
245085490,0.048907526,0.02445376291871071
245023516,0.21328087,0.10664043575525284
239474138,0.087944,0.04397200047969818
244945589,0.026465425,0.013232712633907795
245144452,0.09639206,0.04819602891802788
125329969,0.07667742,0.038338709622621536
245052007,0.078246385,0.03912319242954254
245274271,0.024394725,0.012197362259030342
245041333,0.14442179,0.072210893034935
245202022,0.04245577,0.0212278850376606
234596175,0.04028939,0.020144695416092873
245100055,0.00062875345,0.0003143767244182527
245008235,0.005389818,0.002694908995181322
245247172,0.00068138307,0.0003406915348023176
245175413,0.14599986,0.07299993187189102
244930818,0.16822882,0.08411440998315811
245187838,0.039684646,0.019842322915792465
124007943,0.6206303,0.31031516194343567
244154418,0.08737554,0.043687768280506134
243391758,0.0343757,0.017187850549817085
245067180,0.02598182,0.01299090962857008
245074836,0.08178198,0.04089099168777466
245022456,0.1513147,0.07565735280513763
245111982,0.078139834,0.03906991705298424
245116968,0.12880816,0.06440407782793045
237890259,0.32264274,0.16132137179374695
245216267,0.033642,0.0168210007250309
245033005,0.40580374,0.20290187001228333
245142020,0.15985872,0.07992935925722122
245154622,0.21112211,0.10556105524301529
245155605,0.067736596,0.033868297934532166
244968611,0.0707891,0.03539454936981201
245181078,0.055973005,0.027986502274870872
245130587,0.39898235,0.19949117302894592
245171531,0.23425877,0.117129385471344
245117360,0.11093599,0.05546799674630165
240008381,0.075696014,0.037848006933927536
245144743,0.11074055,0.0553702749311924
245191877,0.07451919,0.03725959360599518
241774483,0.16549793,0.08274896442890167
245060802,0.048906684,0.024453341960906982
244981584,0.13924521,0.06962260603904724
245226461,0.09916223,0.04958111420273781
245227768,0.0502872,0.02514359913766384
244935805,0.1417599,0.07087995111942291
245174356,0.011287089,0.005643544718623161
244961587,0.0057001966,0.0028500983025878668
245152675,0.17011738,0.08505868911743164
244987969,0.15866601,0.07933300733566284
235593398,0.10983495,0.05491747334599495
245109100,0.0053123413,0.0026561706326901913
245243020,0.6834801,0.34174004197120667
245051900,0.04157266,0.020786330103874207
245145842,0.15549198,0.07774598896503448
245166261,0.11098564,0.0554928183555603
243009966,0.059916887,0.029958443716168404
245033630,0.018410455,0.009205227717757225
245102047,0.17627044,0.08813522011041641
245192771,0.014205035,0.007102517411112785
245116833,0.06517695,0.032588474452495575
244987529,0.19394614,0.09697306901216507
133910211,0.13830891,0.06915445625782013
235384583,0.6678027,0.3339013457298279
245179347,0.011626455,0.005813227500766516
245057767,0.0133633185,0.006681659258902073
245052570,0.03402095,0.01701047457754612
245133853,0.62520194,0.3126009702682495
244163154,0.122883275,0.06144163757562637
245165790,0.019224638,0.009612319059669971
244977803,0.085825354,0.04291267693042755
244964512,0.01242667,0.006213334854692221
245211118,0.059731543,0.029865771532058716
241982151,0.17009595,0.08504797518253326
245171841,0.09502394,0.04751196876168251
245108656,0.8951296,0.4475648105144501
245127759,0.09386404,0.04693201929330826
245167396,0.020706005,0.010353002697229385
244998858,0.03114822,0.015574109740555286
245122791,0.01502689,0.007513444870710373
245135827,0.10215827,0.05107913538813591
245212311,0.12715708,0.0635785385966301
245064642,0.1343592,0.0671795979142189
245186537,0.2676309,0.1338154524564743
245212797,0.06989078,0.03494539111852646
232417855,0.20008484,0.1000424176454544
245109472,0.12629758,0.06314878910779953
245170685,0.0034031996,0.001701599801890552
245152712,0.06611561,0.0330578051507473
245155989,0.07167875,0.035839375108480453
245162263,0.020671023,0.010335511527955532
244937136,0.006302247,0.0031511234119534492
240572063,0.0821395,0.04106974974274635
241590422,0.018724747,0.009362373501062393
245146550,0.074818715,0.037409357726573944
245115005,0.09503057,0.04751528427004814
245119568,0.032931037,0.01646551862359047
245073402,0.09533861,0.04766930639743805
245067514,0.3456507,0.17282535135746002
245207393,0.14713997,0.07356998324394226
244985780,0.031175544,0.015587772242724895
245127407,0.021087898,0.010543948970735073
245144067,0.20468903,0.10234451293945312
245005985,0.27073294,0.13536646962165833
245261354,0.07682683,0.03841341659426689
245130791,0.092341796,0.04617089778184891
124682173,0.7434538,0.3717269003391266
245139710,0.09130845,0.04565422609448433
245081195,0.0029422978,0.0014711489202454686
239610576,0.062898226,0.03144911304116249
245065609,0.5466999,0.27334994077682495
245107770,0.1855758,0.09278789907693863
231025818,0.069717355,0.03485867753624916
245001973,0.108630285,0.05431514233350754
245154953,0.11171498,0.05585749074816704
242288245,0.044512626,0.022256312891840935
245170974,0.20823358,0.10411678999662399
245211889,0.25180298,0.1259014904499054
245146406,0.048609357,0.024304678663611412
245046316,0.019731322,0.009865661151707172
244973608,0.23131275,0.11565637588500977
245224795,0.04347725,0.021738624200224876
245114880,0.41893375,0.2094668745994568
245148232,0.020794857,0.010397428646683693
245224739,0.071994334,0.035997167229652405
245133746,0.02808809,0.01404404453933239
244935111,0.07043158,0.03521579131484032
245225154,0.2647728,0.13238640129566193
245056028,0.052303206,0.02615160308778286
244937351,0.05933495,0.029667474329471588
245129209,0.025686748,0.012843374162912369
245242184,0.061130635,0.03056531772017479
245096878,0.02568143,0.012840715236961842
245140781,0.08718703,0.04359351471066475
245179913,0.09606451,0.0480322539806366
245166714,0.017964156,0.008982078172266483
241338401,0.12482685,0.062413424253463745
245108549,0.15478644,0.07739321887493134
245062166,0.38744232,0.19372116029262543
245080593,0.021723023,0.010861511342227459
245085604,0.03494242,0.017471209168434143
245150844,0.027951615,0.013975807465612888
245086075,0.021485949,0.01074297446757555
242521272,0.5784618,0.28923091292381287
245008120,0.007523014,0.0037615071050822735
245206276,0.011587658,0.00579382898285985
245206550,0.1694399,0.0847199484705925
236248808,0.25957495,0.12978747487068176
245113043,0.09459653,0.047298263758420944
245007561,0.21068588,0.10534293949604034
245207838,0.1928338,0.0964168980717659
245260439,0.017130284,0.008565141819417477
245260360,0.0034844258,0.0017422129167243838
228365169,0.043195985,0.02159799262881279
245150901,0.08427011,0.04213505610823631
245092816,0.039525125,0.019762562587857246
245075073,0.16328457,0.081642284989357
245123687,0.11182064,0.055910319089889526
245175066,0.04233563,0.0211678147315979
245059991,0.24881078,0.1244053915143013
245208539,0.2799048,0.1399524062871933
245033144,0.013077196,0.006538597866892815
245148020,0.04902424,0.024512119591236115
232121707,0.23117152,0.11558575928211212
245167432,0.16312553,0.08156276494264603
244965338,0.01973306,0.009866530075669289
245086817,0.014868468,0.007434234023094177
244049660,0.07825068,0.039125338196754456
245147493,0.09270675,0.04635337367653847
245112222,0.032206956,0.016103478148579597
244169670,0.06220044,0.03110021911561489
245152065,0.09180631,0.04590315371751785
231577651,0.039271694,0.019635846838355064
245115076,0.2336074,0.11680369824171066
245096766,0.1166827,0.05834135040640831
242445320,0.21671715,0.10835857689380646
245175044,0.14366342,0.07183171063661575
244950168,0.0073297247,0.0036648623645305634
244662308,0.17178275,0.08589137345552444
245185561,0.007594911,0.0037974554579705
245128464,0.019294122,0.009647061116993427
244998661,0.02979787,0.014898935332894325
245216637,0.8100513,0.4050256609916687
245196796,0.014128072,0.007064036093652248
245042622,0.05591054,0.027955269441008568
245192112,0.07207555,0.03603777661919594
245074457,0.19939046,0.09969522804021835
245043553,0.20459087,0.10229543596506119
245144693,0.021540765,0.010770382359623909
245245395,0.04933227,0.024666134268045425
245005546,0.13344412,0.06672205775976181
245012886,0.14349067,0.07174533605575562
245179112,0.21160424,0.10580211877822876
244982410,0.562146,0.2810730040073395
245169787,0.17190641,0.08595320582389832
245078756,0.07843698,0.039218489080667496
245102007,0.088608384,0.04430419206619263
245196538,0.05954051,0.029770255088806152
245181016,0.18678418,0.09339208900928497
245090762,0.011757259,0.005878629628568888
245091951,0.021686869,0.010843434371054173
245133544,0.027212992,0.013606496155261993
243026936,0.040991094,0.020495546981692314
245057316,0.019486036,0.009743018075823784
245067678,0.15631768,0.07815884053707123
245166152,0.40133086,0.2006654292345047
126151038,0.22904141,0.11452070623636246
244956242,0.13740799,0.06870399415493011
245165734,0.0386859,0.019342949613928795
245031549,0.07427404,0.037137020379304886
245226045,0.19495319,0.09747659415006638
245166680,0.06936365,0.03468182682991028
245124740,0.10474537,0.05237268656492233
245151354,0.06769376,0.03384688124060631
242758897,0.08016983,0.04008491337299347
245195133,0.11034419,0.05517209321260452
245175161,0.07713414,0.03856706991791725
245093196,0.18157323,0.09078661352396011
245179789,0.036352105,0.01817605271935463
244940132,0.16832398,0.08416198939085007
245129649,0.12095276,0.060476381331682205
236698490,0.13522923,0.0676146149635315
245139317,0.035571184,0.01778559200465679
245187519,0.004146484,0.0020732420962303877
244968095,0.22070462,0.11035230755805969
245060055,0.31009415,0.15504707396030426
244964945,0.1579813,0.07899065315723419
245205120,0.20983218,0.10491608828306198
245028135,0.045165204,0.022582601755857468
245113960,0.1466384,0.0733191967010498
245081230,0.04356061,0.021780304610729218
244957163,0.013022366,0.006511182989925146
245043116,0.011679099,0.005839549470692873
244979226,0.11383719,0.05691859498620033
245254661,0.019844005,0.00992200244218111
245186049,0.0068554487,0.003427724353969097
245122312,0.087695636,0.04384781792759895
245081120,0.20748533,0.10374266654253006
245086156,0.01969399,0.009846994653344154
244984721,0.084127724,0.04206386208534241
245056367,0.010999966,0.0054999832063913345
128131161,0.06722141,0.03361070528626442
245146740,0.11229751,0.05614875629544258
244956008,0.05873004,0.029365019872784615
245032461,0.0147526935,0.0073763467371463776
245000497,0.1550176,0.07750879973173141
240626947,0.12942982,0.06471490859985352
245175423,0.01389734,0.006948669906705618
244953027,0.085217424,0.04260871186852455
244984652,0.13156864,0.06578432023525238
245130237,0.044455756,0.022227877750992775
245207344,0.10157513,0.05078756436705589
245070991,0.08016345,0.040081724524497986
235944592,0.045110434,0.022555217146873474
245090473,0.1745276,0.0872638002038002
245178750,0.03417204,0.01708601973950863
245256600,0.06371846,0.03185923025012016
229824893,0.3787169,0.1893584430217743
235093889,0.13141091,0.06570545583963394
245226027,0.6862543,0.34312716126441956
245156124,0.11924353,0.059621766209602356
245016647,0.581964,0.2909820079803467
245187516,0.015895125,0.007947562262415886
245174649,0.03965772,0.019828859716653824
242791077,0.06697194,0.03348597139120102
245106871,0.8330612,0.4165306091308594
238849888,0.19337006,0.096685029566288
245155312,0.03533613,0.017668064683675766
244410361,0.0026138755,0.001306937774643302
245012501,0.050480288,0.02524014376103878
245150887,0.037810624,0.018905311822891235
245086023,0.1466922,0.0733461007475853
245117486,0.07619411,0.03809705376625061
245051308,0.060622543,0.03031127154827118
245125071,0.044714976,0.022357488051056862
245116708,0.20070943,0.10035471618175507
245108955,0.036685064,0.018342532217502594
245005321,0.01551507,0.007757535204291344
245037060,0.14066374,0.070331871509552
232295671,0.70129365,0.35064682364463806
245225046,0.18867178,0.0943358913064003
245047653,0.23692743,0.11846371740102768
245060099,0.0050863144,0.002543157199397683
245255482,0.013659655,0.006829827558249235
245265336,0.18579145,0.09289572387933731
245180139,0.16733803,0.083669014275074
245051324,0.7784956,0.3892478048801422
245160450,0.028605958,0.014302979223430157
245055023,0.56290597,0.2814529836177826
233995410,0.08593032,0.04296515882015228
244985047,0.231353,0.11567649990320206
245166947,0.30037722,0.150188609957695
245067710,0.3020301,0.151015043258667
125092751,0.12584423,0.06292211264371872
230177111,0.18042997,0.09021498262882233
244984990,0.10907565,0.0545378252863884
120075759,0.076491006,0.03824550285935402
233263815,0.06476331,0.032381653785705566
244848623,0.14553608,0.07276804000139236
244292501,0.10807312,0.05403656139969826
245237284,0.37722838,0.18861418962478638
245127952,0.008001506,0.004000753164291382
239280277,0.14021263,0.07010631263256073
245079142,0.015243417,0.0076217083260416985
245200691,0.33817697,0.1690884828567505
245118684,0.53807104,0.2690355181694031
245171726,0.035566308,0.01778315380215645
237271787,0.2444402,0.12222009897232056
245041848,0.07466189,0.03733094409108162
245167147,0.10693693,0.05346846580505371
244967234,0.04987955,0.024939775466918945
245216205,0.10541707,0.05270853638648987
245242303,0.09961493,0.04980746656656265
245001660,0.022149898,0.01107494905591011
245087122,0.2558291,0.12791454792022705
236428235,0.08868308,0.044341541826725006
245007964,0.025447091,0.012723545543849468
245180077,0.07047702,0.035238511860370636
245235495,0.06978968,0.03489483892917633
240019554,0.2253368,0.11266840249300003
244947916,0.023557117,0.011778558604419231
245124554,0.14978161,0.07489080727100372
245136607,0.054429803,0.02721490152180195
245170368,0.039074946,0.01953747309744358
244985330,0.08809333,0.04404666647315025
245205624,0.06799299,0.033996496349573135
245254444,0.065266505,0.03263325244188309
240764806,0.19270816,0.09635408222675323
244964757,0.1250552,0.062527596950531
245130635,0.018804625,0.009402312338352203
245067068,0.06624568,0.03312284126877785
245152671,0.113119036,0.05655951797962189
245161977,0.0006423419,0.0003211709554307163
245052715,0.028764986,0.014382492750883102
245179298,0.015548187,0.00777409365400672
245037991,0.007139635,0.003569817403331399
245041314,0.00438752,0.0021937598939985037
245089854,0.27931145,0.1396557241678238
245061753,0.13629816,0.06814908236265182
245067227,0.0760569,0.038028448820114136
245090239,0.03305697,0.016528485342860222
244786953,0.023618514,0.011809256859123707
245017414,0.035289355,0.017644677311182022
245155431,0.017384753,0.00869237631559372
245111704,0.024422806,0.012211402878165245
245196208,0.21189171,0.10594585537910461
245064689,0.03925187,0.019625935703516006
244942310,0.002381265,0.0011906324652954936
245156089,0.23968235,0.11984117329120636
241665246,0.7533698,0.37668490409851074
243179072,0.20487575,0.10243787616491318
245128148,0.0643031,0.03215155005455017
245208325,0.049776606,0.024888303130865097
245225600,0.13914455,0.06957227736711502
245151143,0.2532194,0.1266096979379654
245060040,0.087401435,0.04370071738958359
240552567,0.014524927,0.007262463681399822
245066132,0.11916278,0.059581391513347626
245134095,0.05756826,0.02878412976861
245012812,0.066332,0.03316599875688553
243373481,0.7145155,0.35725775361061096
245113922,0.63782716,0.3189135789871216
239567941,0.41138673,0.20569336414337158
244950418,0.03636809,0.01818404532968998
243405074,0.24681732,0.12340866029262543
245212492,0.039096024,0.01954801194369793
245057402,0.16171326,0.08085662871599197
245061568,0.0024928038,0.0012464019237086177
245073377,0.14124535,0.07062267512083054
245120470,0.008882539,0.004441269673407078
241109731,0.15067998,0.07533998787403107
245219245,0.021289447,0.010644723661243916
245179128,0.03260606,0.016303030773997307
245192848,0.07644979,0.03822489455342293
245135671,0.43077764,0.21538881957530975
245074029,0.076216735,0.03810836747288704
245083899,0.17937233,0.08968616276979446
245093453,0.2148569,0.10742844641208649
245032067,0.10851934,0.05425966903567314
245036012,0.029489607,0.014744803309440613
245151303,0.0077732657,0.003886632854118943
245181839,0.047155526,0.02357776276767254
245247454,0.75824386,0.37912192940711975
245098106,0.16177414,0.080887071788311
245225545,0.18227842,0.09113921225070953
245065788,0.13142188,0.06571093946695328
245057257,0.046901103,0.02345055155456066
245093550,0.2196364,0.10981819778680801
245124326,0.09118983,0.04559491574764252
230702492,0.16965158,0.0848257914185524
245202905,0.14676616,0.07338307797908783
240204764,0.16631863,0.08315931260585785
244290605,0.027979694,0.013989847153425217
245096579,0.020941548,0.01047077402472496
245078999,0.26619917,0.13309958577156067
245087708,0.047386162,0.023693080991506577
245107550,0.14471973,0.07235986739397049
244936350,0.057572253,0.028786126524209976
245134442,0.06645713,0.033228565007448196
245185674,0.017187031,0.008593515492975712
245087592,0.027166124,0.013583062216639519
245060886,0.0746522,0.03732610121369362
245119463,0.104728326,0.05236416310071945
245156412,0.85610944,0.42805472016334534
245221512,0.19585617,0.09792808443307877
244981925,0.044450104,0.02222505211830139
245109218,0.095119074,0.04755953699350357
245154282,0.24511102,0.12255550920963287
245140604,0.02410842,0.012054209597408772
245216485,0.33240458,0.16620229184627533
245084165,0.035351347,0.017675673589110374
124621507,0.20894769,0.10447384417057037
244961057,0.09806501,0.049032505601644516
245078434,0.035593174,0.017796587198972702
244242718,0.23686655,0.11843327432870865
245166310,0.08368291,0.041841454803943634
245065026,0.504542,0.25227099657058716
122813298,0.08554579,0.04277289658784866
245241743,0.068428986,0.03421449288725853
245071246,0.09330577,0.04665288329124451
245241103,0.12500755,0.06250377744436264
245074682,0.04927246,0.024636229500174522
245085023,0.0024929151,0.001246457570232451
245229956,0.011083203,0.005541601683944464
245222781,0.027392276,0.013696137815713882
244965246,0.17856106,0.08928053081035614
242123170,0.00022810092,0.00011405046097934246
245175605,0.036655344,0.01832767203450203
245109114,0.20402189,0.10201094299554825
245089610,0.10248808,0.051244039088487625
245117209,0.09918628,0.04959313943982124
244964459,0.17243074,0.08621536940336227
245226120,0.23645303,0.11822651326656342
239789003,0.027691413,0.013845706358551979
245112344,0.042696297,0.021348148584365845
245085381,0.2820196,0.14100979268550873
240843434,0.079744935,0.03987246751785278
245087624,0.10139138,0.050695691257715225
241817275,0.07186393,0.035931963473558426
230257297,0.11246862,0.05623431131243706
243422421,0.19325496,0.09662748128175735
245175729,0.17551954,0.08775977045297623
245063904,0.1017544,0.050877198576927185
243092191,0.20911773,0.10455886274576187
242977376,0.22660649,0.11330324411392212
245067450,0.001362003,0.0006810015183873475
245216653,0.0096857,0.004842849913984537
245172511,0.11529812,0.05764906108379364
245081327,0.03217337,0.01608668453991413
245061861,0.010408005,0.005204002372920513
245115341,0.0018774387,0.0009387193713337183
245151114,0.032337468,0.016168734058737755
245134696,0.04731543,0.02365771494805813
245140636,0.09735716,0.04867858067154884
245091936,0.024024725,0.012012362480163574
245185343,0.104031116,0.05201555788516998
245112728,0.03392594,0.016962969675660133
244956938,0.5614497,0.2807248532772064
245073230,0.5573572,0.2786785960197449
245151183,0.046962902,0.023481450974941254
245063682,0.038530953,0.01926547661423683
244963164,0.19539432,0.09769716113805771
245102196,0.054048587,0.027024293318390846
245020690,0.25478572,0.12739285826683044
245047098,0.054508574,0.027254287153482437
245185209,0.6904911,0.3452455401420593
245080295,0.015676953,0.007838476449251175
245180340,0.30140808,0.1507040411233902
245079281,0.02695253,0.013476264663040638
223891829,0.1169148,0.058457400649785995
245097156,0.049069833,0.024534916505217552
245207165,0.0483466,0.024173300713300705
233207928,0.31237894,0.1561894714832306
245164253,0.0933246,0.04666230082511902
245230656,0.0046614064,0.0023307031951844692
245240740,0.14755999,0.07377999275922775
244958003,0.10753852,0.05376926064491272
245035416,0.17945848,0.08972924202680588
245172739,0.08376159,0.04188079386949539
245171396,0.0015768997,0.0007884498336352408
245264514,0.01074635,0.005373174790292978
245119013,0.17360488,0.08680243790149689
245151287,0.11541076,0.05770538002252579
245075090,0.08026887,0.04013443365693092
245059742,0.12700209,0.06350104510784149
245180894,0.09319823,0.046599116176366806
245123750,0.053620383,0.026810191571712494
245116698,0.15003687,0.07501843571662903
245159883,0.08446653,0.042233265936374664
245106669,0.45608905,0.2280445247888565
234416884,0.64651704,0.32325851917266846
245220402,0.19351092,0.09675545990467072
245101924,0.0048289746,0.002414487302303314
245097608,0.06639593,0.03319796547293663
245191598,0.011821901,0.005910950712859631
244973741,0.09459021,0.04729510471224785
245229148,0.045745958,0.022872978821396828
245085596,0.07882618,0.03941309079527855
245119703,0.4082319,0.20411595702171326
245118423,0.055670258,0.02783512882888317
241960045,0.23444298,0.11722148954868317
245021394,0.07412677,0.03706338629126549
245151381,0.060861155,0.03043057769536972
245042066,0.00761626,0.003808130044490099
245156413,0.063336775,0.03166838735342026
124627996,0.0753035,0.037651751190423965
245147019,0.058613993,0.02930699661374092
245134681,0.29496792,0.1474839597940445
125354354,0.0252573,0.012628650292754173
245122193,0.11312029,0.05656014382839203
245123604,0.05451514,0.027257569134235382
245128884,0.12461852,0.06230926141142845
245150957,0.034822103,0.01741105131804943
244968699,0.26092017,0.13046008348464966
245207949,0.023801802,0.01190090086311102
245206670,0.102053,0.05102650076150894
245231439,0.073945776,0.03697288781404495
245032229,0.05103891,0.02551945485174656
245073240,0.17006476,0.0850323811173439
235501020,0.06324487,0.03162243589758873
245026037,0.18654338,0.09327168762683868
245085340,0.025926463,0.012963231652975082
245229103,0.026754675,0.013377337716519833
245235497,0.06160836,0.03080417960882187
245177393,0.21095222,0.10547611117362976
245098289,0.033280842,0.016640421003103256
245048041,0.091116905,0.04555845260620117
245278411,0.008016505,0.004008252639323473
245090471,0.16062768,0.08031383901834488
245231726,5.6830744e-05,2.8415372071322054e-05
245194451,0.8143132,0.4071565866470337
245064784,0.2556246,0.12781229615211487
245213509,0.012907975,0.006453987676650286
245091221,0.13165049,0.06582524627447128
245120912,0.013861093,0.006930546369403601
238101308,0.13597491,0.06798745691776276
245127707,0.14510794,0.07255396991968155
245146910,0.033253133,0.016626566648483276
244988989,0.115767635,0.057883817702531815
245037526,0.036911286,0.018455643206834793
245161482,0.085098356,0.04254917800426483
245177289,0.14153452,0.07076726108789444
245207900,0.15153292,0.07576645910739899
245113454,0.015848031,0.007924015633761883
234622756,0.18095434,0.09047716856002808
245129996,0.037184212,0.0185921061784029
245141007,0.11870573,0.05935286357998848
240261278,0.21661964,0.10830982029438019
245140745,0.14001259,0.07000629603862762
239634464,0.041287217,0.020643608644604683
245112933,0.024801316,0.012400657869875431
245100408,0.15954176,0.07977087795734406
245074268,0.20884328,0.10442163795232773
245256970,0.12440677,0.062203384935855865
245064606,0.12729882,0.06364940851926804
245160525,0.044833727,0.022416863590478897
245226891,0.19465709,0.0973285436630249
245192569,0.14050204,0.07025101780891418
245155093,0.13538153,0.06769076734781265
245117218,0.044767637,0.02238381840288639
245242204,0.069473475,0.03473673760890961
245118252,0.22339435,0.11169717460870743
245151623,0.040618367,0.02030918374657631
245231802,0.12570491,0.06285245716571808
245091861,0.084681876,0.04234093800187111
245252129,0.18704447,0.09352223575115204
245013875,0.008348093,0.0041740466840565205
245160959,0.3188532,0.15942659974098206
124928398,0.041387945,0.02069397270679474
245146219,0.06109651,0.030548255890607834
245118389,0.029648922,0.014824461191892624
245152883,0.14637369,0.07318684458732605
245090896,0.005349144,0.0026745719369500875
245166242,0.07110955,0.03555477410554886
244977850,0.21342638,0.1067131906747818
245100202,0.18428008,0.09214004129171371
245109402,0.07507863,0.03753931447863579
245067806,0.1002738,0.05013690143823624
245123537,0.19165985,0.09582992643117905
245048211,0.09484975,0.04742487519979477
245115075,0.5622674,0.2811337113380432
245205997,0.06276977,0.03138488531112671
122590365,0.08608992,0.043044958263635635
245108253,0.030373076,0.015186537988483906
245207788,0.01747865,0.00873932521790266
242261172,0.28905538,0.14452768862247467
245219945,0.13140051,0.06570025533437729
245109315,0.19980122,0.09990061074495316
121280206,0.18126781,0.09063390642404556
245191039,0.14183003,0.07091501355171204
245140623,0.00516453,0.0025822650641202927
245152431,0.047537,0.023768499493598938
245103686,0.043333653,0.02166682668030262
244963803,0.0451758,0.02258789911866188
245069762,0.099169664,0.04958483204245567
245256028,0.043968014,0.021984007209539413
245096499,0.044531986,0.022265993058681488
245220727,0.09960356,0.0498017817735672
231595625,0.519933,0.25996649265289307
244989776,0.015048304,0.00752415182068944
245161496,0.014894578,0.00744728883728385
245144002,0.015249424,0.007624711841344833
245060249,0.43342832,0.21671415865421295
245047745,0.117078565,0.05853928253054619
245072831,0.09162839,0.04581419378519058
245145502,0.04626574,0.023132869973778725
245196446,0.0046482193,0.0023241096641868353
124901647,0.05967578,0.029837889596819878
245173124,0.7601022,0.3800511062145233
245084624,0.0762991,0.038149550557136536
245125019,0.06753929,0.0337696447968483
245145157,0.027784294,0.01389214675873518
245159604,0.14848098,0.07424049079418182
241798168,0.044940382,0.02247019112110138
245034949,0.037235077,0.0186175387352705
245101531,0.046502825,0.02325141243636608
238475118,0.29758203,0.14879101514816284
245067122,0.15467115,0.07733557373285294
245011008,0.03549415,0.017747074365615845
245061207,0.025139553,0.012569776736199856
245109457,0.09022755,0.04511377587914467
244989845,0.00274147,0.0013707350008189678
245130595,0.1456161,0.07280804961919785
244418625,0.07862424,0.03931212052702904
234317947,0.055539273,0.02776963636279106
244956548,0.022338748,0.011169373989105225
245151636,0.07954291,0.03977145627140999
244945196,0.08991557,0.04495778679847717
241840660,0.09028926,0.04514462873339653
121638744,0.21618468,0.10809233784675598
245114491,0.026970038,0.013485019095242023
245180819,0.096797846,0.04839892312884331
245123333,0.13917115,0.06958557665348053
245178624,0.06587644,0.03293821960687637
245237394,0.48306948,0.2415347397327423
244954035,0.02967222,0.014836110174655914
244973486,0.0349151,0.017457550391554832
245115131,0.24900489,0.12450244277715683
245114847,0.053112555,0.02655627764761448
245256148,0.01970354,0.009851769544184208
245177228,0.36245525,0.18122762441635132
245123335,0.09376792,0.0468839593231678
245113092,0.051175363,0.02558768168091774
244992620,0.003672846,0.0018364229472354054
245066309,0.032940302,0.016470151022076607
245047832,0.46287736,0.23143868148326874
245066685,0.026428193,0.013214096426963806
245075009,0.047803827,0.023901913315057755
125388949,0.01897919,0.009489594958722591
245043563,0.0057580187,0.002879009349271655
244973717,0.13505006,0.06752502918243408
245010579,0.12594442,0.06297221034765244
241373224,0.4928269,0.246413454413414
245051416,0.056152184,0.028076091781258583
236247410,0.03801069,0.019005345180630684
244935669,0.09048098,0.04524049162864685
245097642,0.15258095,0.07629047334194183
245092727,0.0058163656,0.0029081827960908413
245091697,0.15833044,0.07916522026062012
245141266,0.11399056,0.05699528008699417
123437967,0.44647604,0.2232380211353302
245146741,0.27121088,0.13560543954372406
245120838,0.27179012,0.13589505851268768
245037996,0.5514744,0.2757371962070465
245094053,0.13354383,0.06677191704511642
245133847,0.0032609785,0.0016304892487823963
245074136,0.08155677,0.04077838361263275
245136238,0.008356332,0.004178165923804045
244950003,0.12382492,0.06191245838999748
245135338,0.8094429,0.4047214388847351
232487774,0.03431095,0.017155475914478302
244738945,0.14876258,0.07438129186630249
245134522,0.7200099,0.3600049614906311
245041517,0.24809332,0.12404666095972061
245274105,0.18160172,0.09080085903406143
245100492,0.044982664,0.02249133214354515
245097030,0.019737897,0.009868948720395565
245095602,0.0367739,0.018386950716376305
243359684,0.1524977,0.07624884694814682
245254782,0.0444016,0.022200800478458405
245245110,0.08394459,0.04197229444980621
245133666,0.038705297,0.01935264840722084
242526305,0.20383576,0.10191787779331207
245187093,0.26636088,0.1331804394721985
245160188,0.05599308,0.027996540069580078
245207622,0.024936453,0.012468226253986359
245145042,0.81197613,0.40598806738853455
244986095,0.077458225,0.03872911259531975
245087317,0.08533527,0.042667634785175323
232320128,0.012597517,0.006298758555203676
245250893,0.5189747,0.2594873607158661
245113083,0.019676726,0.009838363155722618
245192712,0.003266128,0.0016330640064552426
244929932,0.07802165,0.039010826498270035
241829949,0.05821849,0.029109245166182518
244932780,0.049607474,0.024803737178444862
245130864,0.22407568,0.11203783750534058
245177015,0.070770316,0.03538515791296959
245201938,0.00038580698,0.00019290349155198783
245021537,0.5525391,0.2762695550918579
245180439,0.016902335,0.008451167494058609
245011479,0.27205864,0.13602931797504425
244975112,0.5673877,0.2836938500404358
244954480,0.055356324,0.02767816185951233
245200991,0.13017246,0.065086230635643
245047453,0.24010445,0.12005222588777542
245179923,0.06029348,0.03014674037694931
245212860,0.09541098,0.04770549014210701
245119223,0.13413781,0.0670689046382904
244982432,0.089178175,0.0445890873670578
239470277,0.25035068,0.125175341963768
245120392,0.11092447,0.05546223372220993
245201215,0.033256672,0.016628336161375046
242291086,0.6313324,0.31566619873046875
244931028,0.092849515,0.046424757689237595
245254600,0.039116163,0.019558081403374672
245247588,0.06959382,0.034796908497810364
245164574,0.02187711,0.010938555002212524
245030976,0.09397384,0.04698691889643669
245171422,0.6570358,0.3285179138183594
245061023,0.06897609,0.034488044679164886
230985504,0.24955656,0.12477827817201614
245237149,0.105441004,0.05272050201892853
244973376,0.11322248,0.05661123991012573
245003621,0.50340897,0.25170448422431946
245155432,0.036154397,0.018077198415994644
245198272,0.22340068,0.11170034110546112
245175315,0.04781375,0.023906875401735306
245140727,0.06397894,0.03198947012424469
245016196,0.114688896,0.05734444782137871
245154295,0.0788935,0.03944674879312515
245030673,0.4135494,0.20677469670772552
245190675,0.085028976,0.042514488101005554
245047378,0.9109239,0.45546194911003113
245181937,0.00079995743,0.0003999787149950862
245155926,0.017050855,0.008525427430868149
245114158,0.02906199,0.014530994929373264
244964597,0.10120232,0.050601158291101456
245091347,0.049567632,0.024783816188573837
245014942,0.20491238,0.10245618969202042
245144110,0.09797559,0.048987794667482376
245032961,0.27219993,0.13609996438026428
245129318,0.13439412,0.06719706207513809
245090520,0.10561447,0.05280723422765732
245205368,0.16291365,0.08145682513713837
245095895,0.17636128,0.08818063884973526
245129179,0.32625636,0.16312818229198456
245164523,0.41280997,0.20640498399734497
245166767,0.23166843,0.11583421379327774
245084444,0.023314402,0.011657200753688812
245009137,0.08651681,0.04325840622186661
245119636,0.07281628,0.03640814125537872
245150929,0.0452547,0.022627349942922592
245140756,0.015763018,0.007881509140133858
245073758,0.18163514,0.09081757068634033
245022765,0.037621357,0.018810678273439407
245216367,0.046745066,0.023372532799839973
245246002,0.15679671,0.07839835435152054
245103431,0.080289856,0.04014492779970169
245065393,0.7348201,0.3674100637435913
245107744,0.015007753,0.0075038764625787735
245128678,0.8493559,0.42467793822288513
245139808,0.012796596,0.006398297846317291
245159934,0.7406578,0.3703289031982422
126237468,0.065892935,0.03294646739959717
245169738,0.4396101,0.219805046916008
245086408,0.13015127,0.06507563591003418
245127990,0.24548428,0.12274213880300522
245128985,0.042175654,0.021087827160954475
245261109,0.014903465,0.0074517326429486275
245124901,0.016839165,0.0084195826202631
245041436,0.13234365,0.06617182493209839
245241474,0.07461911,0.03730955347418785
245100351,0.027920265,0.013960132375359535
244963500,0.15034752,0.0751737579703331
245109070,0.010290428,0.005145214032381773
245012655,0.021915216,0.010957607999444008
245123511,0.01450268,0.007251339964568615
245147704,0.007538399,0.0037691995967179537
245055346,0.15859908,0.07929953932762146
245141320,0.11842867,0.059214334934949875
245205872,0.07331801,0.03665900602936745
245085976,0.016217351,0.008108675479888916
245014647,0.016816288,0.008408144116401672
245016283,0.0931886,0.046594299376010895
232300072,0.17580779,0.08790389448404312
245121971,0.037658907,0.018829453736543655
240362379,0.02647499,0.013237494975328445
245274386,0.022774633,0.011387316510081291
245080519,0.30429426,0.15214712917804718
245122310,0.14378305,0.07189152389764786
245046356,0.00013407285,6.70364242978394e-05
245146502,0.02543895,0.012719474732875824
245081248,0.030223489,0.015111744403839111
245188321,0.08994355,0.0449717752635479
245091541,0.01966083,0.00983041524887085
245031467,0.07133537,0.03566768392920494
241918818,0.12752375,0.0637618750333786
245023117,0.07952365,0.039761826395988464
244964754,0.04794392,0.023971959948539734
244629031,0.029495075,0.014747537672519684
245170527,0.84940815,0.42470407485961914
245146410,0.11927798,0.059638988226652145
245101670,0.88227963,0.441139817237854
245162341,0.25358093,0.12679046392440796
245155877,0.1079264,0.05396319925785065
245103477,0.133638,0.06681899726390839
245002239,0.2579494,0.12897470593452454
240552346,0.02977053,0.01488526538014412
245124865,0.005051884,0.0025259419344365597
245135377,0.059703376,0.02985168807208538
244456147,0.10859213,0.054296065121889114
245120551,0.5030009,0.2515004575252533
245074237,0.264745,0.13237249851226807
245172865,0.19220135,0.09610067307949066
245256472,0.08327547,0.041637733578681946
245229412,0.0124244355,0.006212217733263969
245230474,0.08387833,0.04193916544318199
245138191,0.09696473,0.048482365906238556
245230784,0.0583196,0.029159799218177795
245202936,0.07495179,0.03747589513659477
245150314,0.16786054,0.08393026888370514
244256659,0.027012868,0.013506433926522732
245181440,0.10678572,0.053392861038446426
245206433,0.23152255,0.11576127260923386
245084894,0.01683237,0.008416185155510902
245043725,0.17550847,0.08775423467159271
245036779,0.01145252,0.005726260133087635
245192475,0.100648634,0.05032431706786156
241793656,0.8088821,0.40444105863571167
245187557,0.11592233,0.05796116590499878
245196076,0.115161695,0.057580847293138504
245043777,0.034781657,0.01739082857966423
245030670,0.15605955,0.07802977412939072
245251418,0.13298745,0.06649372726678848
245093581,0.14437093,0.0721854642033577
245118097,0.09919986,0.04959993064403534
242843929,0.32757354,0.16378676891326904
244973687,0.044360913,0.022180456668138504
245107141,0.050478265,0.025239132344722748
245135352,0.1602565,0.0801282525062561
245173189,0.074641,0.03732049837708473
245118395,0.036744587,0.018372293561697006
245150279,0.048744183,0.02437209151685238
245171646,0.21109019,0.10554509609937668
245074848,0.23351641,0.11675820499658585
245120903,0.019872619,0.009936309419572353
245095956,0.0010371815,0.0005185907357372344
245041946,0.22695257,0.11347628384828568
245241027,0.01563647,0.007818235084414482
231316963,0.3476748,0.17383739352226257
245146885,0.038642656,0.019321328029036522
244988097,0.028432924,0.014216462150216103
245200959,0.024536157,0.01226807851344347
245179623,0.059242867,0.029621433466672897
245129619,0.013901706,0.006950852926820517
245060592,0.03060735,0.015303675085306168
245202667,0.0008495427,0.000424771336838603
245150868,0.06497394,0.03248697146773338
245134472,0.16824414,0.08412206918001175
244987619,0.11883454,0.05941727012395859
245091691,0.024109798,0.012054898776113987
245121012,0.022934131,0.011467065662145615
244964786,0.09767202,0.048836011439561844
245069561,0.035796843,0.017898421734571457
245090795,0.056089792,0.028044896200299263
242701989,0.08938672,0.04469335824251175
245202601,0.021681407,0.0108407037332654
245002975,0.24736601,0.12368300557136536
245150348,0.063853495,0.03192674741148949
245051869,0.008293402,0.004146701190620661
123184668,0.2732283,0.1366141438484192
244942102,0.0714358,0.03571790084242821
245226459,0.1513239,0.07566194981336594
245259886,0.07364383,0.036821916699409485
245156342,0.6263042,0.31315210461616516
245134802,0.2809907,0.14049534499645233
245050367,0.05464059,0.027320295572280884
245010527,0.05775992,0.028879959136247635
245181278,0.03368643,0.016843214631080627
245219596,0.0043357546,0.0021678772754967213
245198971,0.036207326,0.018103662878274918
245199044,0.12110648,0.06055324152112007
242188546,0.07386927,0.036934636533260345
245103244,0.059827033,0.029913516715168953
245226345,0.11633034,0.05816517025232315
245172585,0.08006035,0.04003017395734787
245192684,0.00034108,0.00017054000636562705
245151105,0.26373252,0.13186626136302948
124985082,0.80273336,0.4013666808605194
245196921,0.13747558,0.06873778998851776
236256324,0.20905173,0.1045258641242981
245087156,0.013617741,0.00680887047201395
245248745,0.0017287345,0.0008643672335892916
244948305,0.24292657,0.12146328389644623
234569735,0.07200249,0.03600124642252922
122181336,0.21004683,0.10502341389656067
245073537,0.02930804,0.014654019847512245
245166647,0.22746956,0.11373478174209595
245166668,0.14856762,0.07428380846977234
221400030,0.4504641,0.2252320498228073
245205410,0.19408388,0.09704194217920303
245140866,0.011535226,0.005767613183706999
245080503,0.07475705,0.037378523498773575
245120372,0.21161361,0.10580680519342422
230765516,0.09609573,0.04804786667227745
245073261,0.11557469,0.057787343859672546
245113392,0.25279865,0.12639932334423065
245014871,0.08371881,0.041859403252601624
245098206,0.030631313,0.015315656550228596
245081525,0.013292068,0.006646033842116594
245089635,0.007624547,0.0038122734986245632
245152535,0.10506567,0.05253283679485321
244985227,0.14981592,0.07490795850753784
244986043,0.29082355,0.14541177451610565
244149863,0.050312582,0.0251562912017107
245100816,0.0639654,0.031982701271772385
245211165,0.2745469,0.13727344572544098
245133657,0.05895815,0.029479075223207474
245250765,0.16142495,0.08071247488260269
241584254,0.044770278,0.022385139018297195
245113597,0.052557882,0.026278940960764885
244952880,0.06886233,0.03443116322159767
245055561,0.013121666,0.006560833193361759
245187809,0.031663533,0.01583176665008068
245171170,0.08102305,0.04051152616739273
245090400,0.0019515184,0.0009757591760717332
245006306,0.09885552,0.049427758902311325
245118383,0.057864107,0.028932053595781326
245047872,0.062665604,0.03133280202746391
245089503,0.011031161,0.005515580531209707
245089708,0.08182887,0.04091443493962288
245057597,0.044816762,0.0224083811044693
244998849,0.13957712,0.06978856027126312
234923118,0.027678592,0.0138392960652709
245247459,0.03116393,0.015581965446472168
245130042,0.038198907,0.01909945346415043
245139485,0.10382802,0.05191401019692421
244334408,0.20651092,0.10325545817613602
242488466,0.15523072,0.07761535793542862
245156010,0.047219653,0.0236098263412714
245197190,0.087813474,0.04390673711895943
245119174,0.154932,0.07746600359678268
244963250,0.054698046,0.027349023148417473
244993302,0.1010622,0.05053110048174858
245061210,0.10551208,0.052756041288375854
242806835,0.22708832,0.11354415863752365
245156612,0.013069948,0.006534974090754986
245074708,0.035439406,0.017719702795147896
129477105,0.0615634,0.0307816993445158
245060640,0.14308992,0.07154496014118195
245136733,0.0053341305,0.002667065244168043
245216837,0.0019115747,0.0009557873709127307
122558527,0.17897686,0.0894884318113327
245190111,0.20618564,0.10309281945228577
245150741,0.04963366,0.024816829711198807
245003436,0.1021076,0.05105379968881607
244954629,0.064989485,0.032494742423295975
245170080,0.00944209,0.0047210450284183025
245032943,0.082615845,0.04130792245268822
245190894,0.04197472,0.020987359806895256
238621378,0.2171553,0.10857764631509781
245194874,0.024686275,0.01234313752502203
244565048,0.28600895,0.14300447702407837
245277883,0.18857771,0.09428885579109192
244967661,0.1679893,0.08399464935064316
245113526,0.0015072325,0.000753616273868829
245255599,0.20271696,0.10135848075151443
245052904,0.025818046,0.012909023091197014
245162135,0.017637605,0.008818802423775196
242301971,0.011060773,0.005530386697500944
245093341,0.09512012,0.047560058534145355
244941091,0.18824567,0.09412283450365067
245134600,0.2666727,0.13333635032176971
244952906,0.08101549,0.04050774499773979
245116376,0.060870547,0.03043527342379093
245087223,0.26743108,0.13371554017066956
245113460,0.008763215,0.004381607286632061
241462525,0.16638951,0.08319475501775742
245096473,0.0007408875,0.00037044374039396644
245107285,0.0067208656,0.003360432805493474
244922410,0.100421205,0.05021060258150101
245150592,0.0011601616,0.0005800807848572731
245064598,0.03735366,0.01867683045566082
244960493,0.0076927925,0.0038463962264358997
244940560,0.13308968,0.06654483824968338
245095913,0.7502473,0.37512364983558655
245119710,0.012862887,0.006431443616747856
245122249,0.10945365,0.054726824164390564
240101779,0.011656081,0.005828040651977062
244797505,0.055851646,0.027925822883844376
244955263,0.11387324,0.05693662166595459
244965314,0.44975498,0.2248774915933609
244961453,0.00599596,0.002997979987412691
245246877,0.06555236,0.032776180654764175
245145274,0.28251958,0.1412597894668579
245151791,0.36867824,0.18433912098407745
125237367,0.07341782,0.03670891001820564
245196918,0.053934738,0.0269673690199852
245091927,0.4036194,0.20180970430374146
245085940,0.13655576,0.06827788054943085
245046454,0.022426289,0.011213144287467003
245155518,0.008103785,0.004051892552524805
245062316,0.03838432,0.019192159175872803
243052588,0.08775497,0.043877486139535904
244953979,0.61567664,0.3078383207321167
244622038,0.082448706,0.04122435301542282
245177051,0.023236005,0.011618002317845821
245101449,0.10565156,0.05282577872276306
245098090,0.055146698,0.027573348954319954
245170710,0.6627224,0.33136120438575745
241658019,0.27025917,0.13512958586215973
244936678,0.21920314,0.10960157215595245
245205124,0.07938713,0.03969356417655945
244987714,0.1277485,0.063874252140522
245255189,0.04148704,0.02074352093040943
245180938,0.16964974,0.08482486754655838
245235335,0.27454185,0.13727092742919922
245022065,0.065844946,0.032922472804784775
245144422,0.15288381,0.07644190639257431
245146365,0.02243643,0.011218215338885784
245129317,0.039830614,0.019915306940674782
245033540,0.003141017,0.0015705084661021829
245090277,0.016856488,0.008428243920207024
245166762,0.20825742,0.10412871092557907
245089362,0.19154997,0.09577498584985733
245246377,0.060545117,0.030272558331489563
245079631,0.01956578,0.009782889857888222
245114465,0.17622304,0.0881115198135376
245202492,0.10347263,0.051736313849687576
245087423,0.12661496,0.06330747902393341
245252182,0.10010596,0.050052981823682785
245122410,0.0011373211,0.0005686605582013726
238233850,0.22528365,0.1126418262720108
245041899,0.11339061,0.056695304811000824
245037789,0.22614393,0.11307196319103241
245170498,0.08887673,0.04443836584687233
245021850,0.08437131,0.04218565672636032
245171114,0.15868615,0.07934307307004929
245118273,0.010262532,0.005131266079843044
245021228,0.09116949,0.045584745705127716
244935360,0.19794494,0.09897246956825256
245247256,0.10217705,0.05108852684497833
230879656,0.8441398,0.4220699071884155
245046588,0.16363382,0.0818169116973877
122773960,0.19117928,0.09558963775634766
238279727,0.036714457,0.018357228487730026
245252169,0.0066427044,0.003321352181956172
245267706,0.0674209,0.03371044993400574
240271624,0.21998005,0.10999002307653427
245190787,0.019532708,0.009766354225575924
245251641,0.06595151,0.032975755631923676
245192889,0.035501108,0.017750553786754608
245117471,0.03945629,0.019728144630789757
245264325,0.13719061,0.06859530508518219
239031344,0.033267763,0.016633881255984306
245093075,0.06892557,0.034462783485651016
245070668,0.069970354,0.03498517721891403
244999226,0.11935862,0.0596793107688427
244984511,0.0004491356,0.00022456780425272882
245066388,0.03199846,0.01599922962486744
245224560,0.70397866,0.3519893288612366
245112963,0.011942956,0.005971477832645178
245136184,0.52330333,0.2616516649723053
245136296,0.12605383,0.06302691251039505
245217109,0.015013112,0.007506555877625942
245139839,0.07861381,0.03930690512061119
245141794,0.11299682,0.05649840831756592
245118453,0.011009889,0.005504944361746311
245103651,0.115103416,0.057551708072423935
245165299,0.067386344,0.03369317203760147
245240017,0.080699995,0.04034999758005142
244987909,0.121181,0.06059049814939499
245156732,0.0029076443,0.001453822129406035
245089960,0.009119707,0.004559853579849005
245121728,0.16164841,0.08082420378923416
245085137,0.217079,0.10853949934244156
245074048,0.20010729,0.10005364567041397
245184490,0.20185405,0.10092702507972717
245084401,0.03339582,0.01669790968298912
245124821,0.06738601,0.03369300439953804
245086271,0.81675375,0.40837687253952026
245177193,0.1202555,0.06012775003910065
245007355,0.11670879,0.058354396373033524
245108003,0.025626473,0.012813236564397812
242196579,0.021902602,0.010951301082968712
245074086,0.029066732,0.014533366076648235
245085027,0.027005674,0.013502837158739567
232817673,0.02531784,0.012658920139074326
245270023,0.10977367,0.0548868365585804
245000430,0.13641003,0.06820501387119293
244944677,0.002563025,0.0012815125519409776
245075354,0.11625047,0.05812523514032364
245176018,0.12246157,0.06123078614473343
245213755,0.051809356,0.02590467780828476
245098322,0.05340697,0.02670348435640335
245248463,0.89040434,0.44520217180252075
245156058,0.011989037,0.0059945182874798775
245121180,0.03632662,0.01816331036388874
245199141,0.047323134,0.023661566898226738
245059313,0.17432834,0.08716417104005814
244978580,0.06128613,0.03064306452870369
244941406,0.00070164294,0.00035082147223874927
245201797,0.0918777,0.045938849449157715
245174854,0.04986331,0.0249316543340683
245123100,0.10363156,0.051815781742334366
245180089,0.048220586,0.02411029301583767
245070748,0.2904345,0.14521725475788116
244945818,0.17392161,0.0869608074426651
245084724,0.027841197,0.013920598663389683
245101605,0.0008577976,0.00042889881297014654
245187397,0.006405141,0.003202570602297783
245207750,0.033440802,0.016720401123166084
245091525,0.054649424,0.02732471190392971
242468404,0.43737406,0.2186870276927948
244672074,0.00031784014,0.00015892006922513247
245174597,0.22937864,0.11468932032585144
245246968,0.030684112,0.015342055819928646
245185367,0.024571463,0.012285731732845306
244953974,0.039872825,0.019936412572860718
245185960,0.011218602,0.005609300918877125
245133964,0.011343957,0.005671978462487459
245211320,0.24630505,0.12315252423286438
245180279,0.01519121,0.007595605216920376
245275151,0.154156,0.07707799971103668
245096861,0.22980446,0.11490222811698914
245118882,0.05637935,0.028189675882458687
245161039,0.09224717,0.04612358659505844
245176806,0.070482485,0.03524124249815941
245096268,0.058046103,0.029023051261901855
245100745,0.7140179,0.3570089638233185
245156067,0.005483215,0.002741607604548335
245012439,0.06627728,0.033138640224933624
245048395,0.096996084,0.048498041927814484
245100385,0.59899974,0.29949986934661865
245152377,0.25396407,0.12698203325271606
245160307,0.039686643,0.019843321293592453
245169673,0.015836686,0.0079183429479599
239510958,0.105334446,0.052667222917079926
245150052,0.38205397,0.1910269856452942
245231599,0.06906383,0.034531913697719574
245074781,0.1166437,0.05832184851169586
245107217,0.20413701,0.10206850618124008
245106815,0.24256517,0.12128258496522903
245083457,0.20889857,0.10444928705692291
245048477,0.059383295,0.029691647738218307
245073348,0.12931147,0.06465573608875275
245140443,0.09830632,0.0491531603038311
245035593,0.7497635,0.3748817443847656
245219469,0.05171878,0.025859389454126358
245205740,0.060279146,0.03013957291841507
245147681,0.16964218,0.08482109010219574
245074400,0.07391424,0.03695711866021156
245140224,0.12499222,0.062496110796928406
245121494,0.09436663,0.0471833162009716
244962788,0.0047517032,0.0023758516181260347
245205218,0.05099184,0.025495920330286026
245170137,0.1062349,0.05311745032668114
245220483,0.020906756,0.010453377850353718
245148619,0.265984,0.1329919993877411
232228141,0.039229445,0.019614722579717636
229966157,0.13518378,0.06759189069271088
245140334,0.09948941,0.049744706600904465
245093945,0.08693091,0.04346545413136482
245130013,0.010361706,0.0051808529533445835
231855156,0.83217067,0.4160853326320648
245166127,0.0010706012,0.0005353005835786462
240384991,0.15792838,0.07896418869495392
245091243,0.06075215,0.030376074835658073
245128274,0.011467776,0.005733888130635023
245245339,0.02888167,0.014440835453569889
245078767,0.059631266,0.029815632849931717
245116930,0.115598455,0.05779922753572464
129161617,0.17791887,0.08895943313837051
244972286,0.07138531,0.03569265455007553
245134970,0.93125117,0.4656255841255188
245037781,0.0017625123,0.0008812561281956732
245140585,0.11017031,0.05508515611290932
245102932,0.06813861,0.034069303423166275
235475168,0.23653793,0.11826896667480469
245063389,0.10697868,0.05348933860659599
245001310,0.22809975,0.11404987424612045
245269761,0.13589531,0.06794765591621399
245219223,0.06338869,0.03169434517621994
245236393,0.13750443,0.0687522143125534
245251766,0.024881668,0.012440834194421768
245165251,0.7648398,0.3824199140071869
245107593,0.010694484,0.00534724211320281
244968934,0.07773429,0.03886714577674866
245142086,0.010389413,0.005194706376641989
245063868,0.38851404,0.19425702095031738
245114523,0.07532365,0.037661824375391006
245184952,0.009296191,0.004648095462471247
245205287,0.14314808,0.07157403975725174
245235202,0.03666286,0.018331430852413177
245100523,0.10337662,0.051688309758901596
245191255,0.24200878,0.1210043877363205
245070807,0.007904101,0.00395205058157444
245051138,0.05324006,0.026620030403137207
233953832,0.26399404,0.1319970190525055
242442413,0.13129292,0.0656464621424675
245081153,0.40708727,0.20354363322257996
245085101,0.16507009,0.0825350433588028
245260480,0.096177086,0.048088543117046356
245120591,0.15870444,0.07935222238302231
245056384,0.034617897,0.017308948561549187
245170713,0.21238096,0.10619048029184341
245146183,0.06303026,0.031515128910541534
245226474,0.021559643,0.010779821313917637
245144600,0.0034448204,0.001722410204820335
245159960,0.11398368,0.05699184164404869
245213749,0.013273619,0.006636809557676315
245229389,0.23938446,0.11969222873449326
245097154,0.016858747,0.008429373614490032
244967871,0.22757326,0.11378663033246994
245186480,0.08196998,0.04098498821258545
245080023,0.04531229,0.022656144574284554
245043520,0.023807686,0.01190384291112423
245057166,0.16508847,0.0825442373752594
245173085,0.050628208,0.025314103811979294
245169410,0.052382912,0.026191456243395805
245242085,0.119240835,0.05962041765451431
245080312,0.11557366,0.05778682976961136
245133532,0.055957604,0.02797880209982395
245187810,0.49164775,0.24582387506961823
245152191,0.12508589,0.06254294514656067
245159806,0.017754126,0.008877063170075417
245252532,0.044612758,0.022306378930807114
245174838,0.049006794,0.024503396824002266
245040835,0.20487094,0.10243546962738037
245084090,0.107111596,0.053555797785520554
245181738,0.07153267,0.03576633334159851
244965040,0.029920278,0.01496013905853033
245060567,0.09975401,0.04987700656056404
244964866,0.03472538,0.0173626895993948
245248001,0.07563288,0.03781643882393837
245147039,0.17112795,0.08556397259235382
245087440,0.08349724,0.04174862056970596
245179804,0.15440026,0.07720012962818146
234625315,0.8050655,0.40253275632858276
244982051,0.13388413,0.06694206595420837
245016686,0.011233825,0.005616912618279457
245078565,0.090380006,0.045190002769231796
238256517,0.8889782,0.44448909163475037
125203157,0.14004254,0.07002127170562744
245122625,0.011134528,0.005567263811826706
245138635,0.38675454,0.1933772712945938
245146753,0.057532724,0.028766361996531487
245107646,0.076057084,0.0380285419523716
245224891,0.12247418,0.061237089335918427
245220239,0.17848651,0.08924325555562973
245086741,0.050961014,0.02548050694167614
245145984,0.2643351,0.13216754794120789
245028109,0.19390363,0.09695181250572205
244984666,0.0009226702,0.00046133509022183716
245241740,0.20719075,0.10359537601470947
243360854,0.5432599,0.2716299593448639
245062205,0.040234644,0.020117321982979774
245212307,0.10633423,0.05316711589694023
245181756,0.06211475,0.03105737455189228
245100424,0.034281284,0.017140641808509827
245037321,0.3223082,0.161154106259346
245152181,0.03267022,0.016335109248757362
245096689,0.036996033,0.018498016521334648
244960543,0.040745784,0.020372891798615456
245102058,0.15635791,0.07817895710468292
245055109,0.07922973,0.03961486369371414
245031795,0.19544256,0.09772127866744995
245202234,0.24279778,0.12139888852834702
245074281,0.11594708,0.05797354131937027
244957715,0.3605366,0.1802683025598526
245136246,0.15666771,0.07833385467529297
244968407,0.013517288,0.00675864377990365
245038356,0.010037897,0.005018948577344418
245139130,0.09133384,0.04566691815853119
245150214,0.22149725,0.11074862629175186
245043129,0.0012011612,0.0006005805917084217
125521028,0.059117656,0.029558828100562096
245112571,4.5165166e-06,2.2582582914765226e-06
245000799,0.7434549,0.37172743678092957
245123847,0.15668643,0.0783432126045227
244944520,0.6561045,0.32805225253105164
241553650,0.13125253,0.06562626361846924
245206971,0.1713697,0.08568485081195831
245181480,0.016731512,0.008365755900740623
245091511,0.178078,0.08903899788856506
245252280,0.78878963,0.39439481496810913
245042256,0.24271241,0.12135620415210724
245087239,0.19871339,0.09935669600963593
245127156,0.06389191,0.031945955008268356
245167001,0.06794156,0.03397078067064285
238425165,0.12871636,0.0643581822514534
245036486,0.008571722,0.0042858608067035675
245127307,0.24611618,0.12305808812379837
238720469,0.17115346,0.08557672798633575
245108449,0.085659966,0.042829982936382294
245116564,0.07369051,0.03684525564312935
245147147,0.7346323,0.3673161566257477
245135068,0.21285805,0.10642902553081512
245090787,0.045638252,0.022819126024842262
245028455,0.07225591,0.036127954721450806
245205790,0.21519002,0.10759501159191132
245190737,0.36398813,0.18199406564235687
245196790,0.04530448,0.022652240470051765
245205747,0.043094277,0.021547138690948486
244978941,0.0073393765,0.003669688245281577
245037592,0.072854295,0.036427147686481476
245152473,0.07601169,0.03800584375858307
244959495,0.13072596,0.06536298245191574
245136104,0.1096576,0.05482880026102066
244949631,0.052336045,0.02616802230477333
245108719,0.03974937,0.019874684512615204
245035555,0.084714904,0.04235745221376419
245205873,0.15756941,0.07878470420837402
245170988,0.052059967,0.026029983535408974
245085229,0.016064517,0.008032258599996567
244980762,0.045940913,0.02297045662999153
245102374,0.07113803,0.03556901589035988
245103573,0.07972385,0.039861924946308136
245089077,0.03443872,0.017219360917806625
245207849,0.052164517,0.02608225867152214
245151275,0.16290617,0.08145308494567871
245201275,0.22441891,0.11220945417881012
245050180,0.10608147,0.05304073542356491
245201579,0.027133554,0.013566777110099792
230276302,0.20034319,0.10017159581184387
245196193,0.03419275,0.017096374183893204
245114154,0.07916118,0.03958059102296829
241794266,0.18451463,0.0922573134303093
245171499,0.08490451,0.04245225340127945
245205853,0.16375504,0.08187752217054367
245027772,0.021734156,0.010867077857255936
245186493,0.038077347,0.019038673490285873
242971061,0.26164055,0.13082027435302734
245162284,0.36010602,0.1800530105829239
245203249,0.22699659,0.11349829286336899
245075748,0.078624904,0.0393124520778656
245140220,0.05647555,0.028237774968147278
245262908,0.019713752,0.009856875985860825
245196172,0.24871093,0.12435546517372131
122883674,0.10975613,0.05487806349992752
245259279,0.002746765,0.001373382518067956
245156232,0.15990387,0.0799519345164299
245129336,0.093259305,0.0466296523809433
241891531,0.17068946,0.08534473180770874
245151535,0.011246952,0.00562347611412406
245067578,0.123844236,0.061922118067741394
245201090,0.14754069,0.07377034425735474
245211814,0.16251643,0.08125821501016617
128601644,0.053994138,0.026997068896889687
245140829,0.021979548,0.010989774018526077
245169755,0.061282504,0.030641252174973488
245169047,0.13242935,0.0662146732211113
241411185,0.22267383,0.11133691668510437
245075803,0.22620173,0.11310086399316788
245121376,0.12643993,0.06321996450424194
245125053,0.004159934,0.0020799669437110424
242922263,0.22365347,0.11182673275470734
245017841,0.004788166,0.0023940829560160637
126081686,0.87819684,0.43909841775894165
245140094,0.055572845,0.02778642252087593
245092129,0.076127164,0.03806358203291893
245067304,0.01275843,0.00637921504676342
245129244,0.022367457,0.011183728463947773
123172385,0.83451134,0.4172556698322296
245060833,0.042897455,0.021448727697134018
245196496,0.00028931475,0.0001446573733119294
245226193,0.19342552,0.09671276062726974
245106823,0.04049008,0.020245039835572243
245091726,0.56869143,0.28434571623802185
245142043,0.05126318,0.02563158981502056
245065075,0.13201748,0.06600873917341232
245128153,0.07706238,0.038531191647052765
245033331,0.011310139,0.0056550693698227406
245194959,0.002437463,0.001218731515109539
244762809,0.50478995,0.25239497423171997
245252764,0.062404748,0.031202374026179314
245207890,0.053861406,0.026930702850222588
245211823,0.06499085,0.03249542415142059
245234641,0.013616505,0.006808252539485693
233243321,0.09162069,0.04581034556031227
243030975,0.16089815,0.08044907450675964
245093276,0.051753588,0.025876794010400772
244964674,0.11814054,0.059070270508527756
245101926,0.03646933,0.01823466457426548
245106722,0.09018112,0.045090559870004654
245240363,0.01763597,0.008817984722554684
245185675,0.13948113,0.06974056363105774
245021713,0.026560158,0.013280078768730164
245198458,0.12646616,0.06323307752609253
245185835,0.23838478,0.11919239163398743
245052320,0.009075543,0.0045377714559435844
244940102,0.19333288,0.09666644036769867
245086374,0.0598869,0.029943449422717094
245118006,0.02085198,0.010425990447402
245124335,0.09278748,0.0463937409222126
245090685,0.10176462,0.050882309675216675
245042580,0.004839481,0.002419740427285433
244985666,0.00585755,0.0029287750367075205
245219383,0.07886199,0.03943099454045296
244983010,0.38423133,0.1921156644821167
245174884,0.025365582,0.012682790867984295
244993004,0.48875228,0.24437613785266876
244286331,0.090283915,0.04514195770025253
245002813,0.19707172,0.09853585809469223
244964621,0.08751828,0.043759141117334366
245190910,0.12392904,0.06196451932191849
245142238,0.5543882,0.2771941125392914
245175597,0.041011374,0.020505687221884727
244968548,0.107654296,0.05382714793086052
245059583,0.100718945,0.05035947263240814
245086472,0.066032,0.03301599994301796
242594670,0.021008391,0.010504195466637611
244894953,0.12888287,0.06444143503904343
244988033,0.046819646,0.023409822955727577
245180277,0.18168701,0.09084350615739822
245170549,0.06381866,0.03190933167934418
245174611,0.031041851,0.015520925633609295
233968011,0.2483809,0.12419044971466064
245097023,0.030890368,0.015445183962583542
244967034,0.16556065,0.08278032392263412
245035564,0.50608015,0.253040075302124
245144430,0.061377507,0.030688753351569176
245256078,0.22264786,0.11132393032312393
245176103,0.022259451,0.011129725724458694
245056755,0.15380478,0.07690238952636719
245155707,0.0042322506,0.0021161253098398447
244979023,0.09172631,0.04586315527558327
245202305,0.8760739,0.4380369484424591
245154486,0.033875734,0.016937866806983948
238465003,0.020565236,0.01028261799365282
245124796,0.015519222,0.007759611122310162
245207096,0.028026698,0.014013349078595638
245123647,0.027537307,0.013768653385341167
242998488,0.1750507,0.08752535283565521
240880229,0.26810968,0.13405483961105347
245255547,0.07380229,0.03690114617347717
245152109,0.027399518,0.013699758797883987
235562614,0.11091351,0.05545675382018089
245202809,0.035065323,0.01753266155719757
245043801,0.17099482,0.0854974091053009
245040558,0.01466331,0.007331654895097017
245178893,0.0040745395,0.002037269761785865
245130673,0.054152675,0.02707633748650551
245202932,0.0402764,0.020138200372457504
245036780,0.7198197,0.35990986227989197
128532209,0.48342866,0.24171432852745056
244909050,0.14974183,0.07487091422080994
245119476,0.8403789,0.42018944025039673
245229080,0.07994514,0.03997256979346275
244954193,0.10031911,0.050159554928541183
125736637,0.42338502,0.21169251203536987
245122787,0.14931993,0.07465996593236923
245061426,0.36142164,0.1807108223438263
245091455,0.15697338,0.07848668843507767
245107110,0.00037267324,0.00018633661966305226
245112739,0.107214056,0.053607027977705
235440469,0.011924878,0.005962438881397247
245107606,0.05577029,0.02788514457643032
245075618,0.1550576,0.07752879709005356
245199183,0.08746212,0.04373105987906456
245047166,0.22402076,0.11201038211584091
245211665,0.064800344,0.03240017220377922
245085350,0.068299554,0.03414977714419365
245202890,0.09639114,0.04819557070732117
245122170,0.037819423,0.01890971139073372
245212568,0.031161504,0.015580751933157444
244917891,0.10512598,0.05256298929452896
245192846,0.083689764,0.04184488207101822
237637272,0.049673565,0.02483678236603737
245030186,0.42108136,0.21054068207740784
245087527,0.04559656,0.02279827930033207
245154603,0.05156158,0.02578078955411911
245040501,0.030040218,0.01502010878175497
245097521,0.020420063,0.010210031643509865
245186294,0.024695093,0.01234754640609026
244956854,0.13658677,0.06829338520765305
245187396,0.007833688,0.003916843794286251
245226499,0.0021763637,0.0010881818598136306
244933794,0.17251264,0.08625631779432297
245128977,0.0112744365,0.005637218244373798
241500563,0.029952632,0.014976316131651402
245117167,0.07963481,0.03981740400195122
242790065,0.20581125,0.10290562361478806
245152617,0.064909704,0.032454852014780045
245241848,0.052952114,0.0264760572463274
245093334,0.0727994,0.03639969974756241
245037735,0.2023148,0.10115739703178406
245196374,0.060434677,0.030217338353395462
126007443,0.59594107,0.2979705333709717
245140686,0.14637999,0.07318999618291855
245219180,0.19183518,0.09591758996248245
245096597,0.06979223,0.0348961167037487
245098177,0.865064,0.43253201246261597
245044396,0.08786673,0.04393336549401283
244936722,0.8028538,0.40142691135406494
245101773,0.06724294,0.033621471375226974
245055627,0.13101052,0.0655052587389946
244999025,0.017163746,0.008581873029470444
241808166,0.08177891,0.04088945314288139
235895677,0.152496,0.07624799758195877
245085657,0.075265,0.037632498890161514
245073705,0.052359864,0.026179932057857513
245138831,0.011730363,0.00586518133059144
245221012,0.1254992,0.06274960190057755
245130601,0.05685705,0.02842852473258972
123852080,0.8781591,0.43907955288887024
245099705,0.030068148,0.01503407396376133
245203040,0.16538677,0.08269338309764862
245067471,0.00094750396,0.0004737519775517285
245187004,0.07232686,0.03616343066096306
237781221,0.21434024,0.10717011988162994
245202067,0.49809778,0.2490488886833191
245127441,0.05204803,0.026024015620350838
245152331,0.04654068,0.023270340636372566
228615774,0.090876035,0.0454380176961422
245202214,0.050891995,0.025445997714996338
245230833,0.1917509,0.09587544947862625
245272968,0.17393358,0.08696679025888443
230044120,0.008693737,0.004346868488937616
245202457,0.021660365,0.010830182582139969
245145579,0.12800643,0.06400321424007416
242180092,0.019495057,0.009747528471052647
245028247,0.08260092,0.0413004606962204
245120501,0.057773832,0.028886916115880013
245144803,0.02887473,0.014437365345656872
236045848,0.12304602,0.06152300909161568
245144949,0.199203,0.09960149973630905
245123814,0.13230917,0.0661545842885971
245041630,0.16550183,0.08275091648101807
245141549,0.06428696,0.0321434810757637
245156599,0.22938102,0.11469051241874695
123005167,0.08597233,0.04298616573214531
245206266,0.22006418,0.1100320890545845
244991125,0.011789693,0.00589484628289938
245235743,0.08395526,0.04197762906551361
245044435,0.11379837,0.056899186223745346
245216758,0.10591934,0.05295966938138008
245141179,0.07394507,0.0369725339114666
245186678,0.0151745835,0.007587291765958071
244972267,0.11340645,0.056703224778175354
245002178,0.06790371,0.033951856195926666
245144615,0.32266358,0.16133178770542145
245180976,0.13329674,0.06664837151765823
244931198,0.103414655,0.051707327365875244
245138725,0.21372406,0.10686203092336655
245229179,0.001042893,0.0005214465199969709
245112420,0.13480951,0.06740475445985794
245190028,0.03555643,0.017778215929865837
245176277,0.0022181282,0.0011090640909969807
244533694,0.040565155,0.020282577723264694
245229323,0.07741178,0.038705889135599136
239439734,0.17855339,0.08927669376134872
245181771,0.09707217,0.04853608459234238
244977383,0.102349825,0.051174912601709366
245170535,0.05992052,0.029960259795188904
238470359,0.24089141,0.12044570595026016
245116613,0.08622317,0.04311158508062363
245114180,0.04512985,0.022564925253391266
244989604,0.037137613,0.01856880635023117
245096767,0.14537872,0.07268936187028885
244964284,0.15008844,0.07504422217607498
245074816,0.036118347,0.018059173598885536
245201581,0.24851885,0.12425942718982697
245206522,0.3567107,0.1783553510904312
245052255,0.022184497,0.011092248372733593
245085559,0.012990052,0.0064950259402394295
245098542,0.088436365,0.04421818256378174
244957504,0.077727996,0.03886399790644646
245160769,0.14002228,0.07001113891601562
239394100,0.09791751,0.048958756029605865
239652052,0.8653277,0.43266385793685913
122369165,0.06453271,0.03226635605096817
245145500,0.08196102,0.0409805104136467
245219861,0.00199574,0.0009978699963539839
245150192,0.108548455,0.05427422747015953
244985872,0.06135233,0.030676165595650673
244930667,0.32660738,0.1633036881685257
245196978,0.27187026,0.13593512773513794
245118667,0.054057766,0.02702888287603855
245226061,0.043844048,0.021922023966908455
129236840,0.05800583,0.02900291420519352
245260675,0.024860412,0.012430205941200256
245133607,0.021126838,0.010563419200479984
245127731,0.27006528,0.13503263890743256
245050553,0.15600508,0.07800254225730896
245139897,0.09292195,0.04646097496151924
245144639,0.35669872,0.1783493608236313
238585319,0.09758887,0.04879443347454071
122810275,0.118039705,0.05901985242962837
245144562,0.008785057,0.004392528440803289
244972216,0.019074038,0.009537018835544586
245022720,0.121620566,0.060810282826423645
245044356,0.07862958,0.039314791560173035
245013968,0.14904672,0.07452335953712463
245230699,0.20853704,0.10426852107048035
245150553,0.07707571,0.03853785619139671
245171692,0.14888203,0.07444101572036743
245135166,0.447106,0.22355300188064575
245157299,0.009441479,0.004720739554613829
245062199,0.08823913,0.044119566679000854
245126833,0.12780072,0.06390035897493362
238872295,0.14845292,0.07422646135091782
245065895,0.4883684,0.2441841959953308
121953360,0.7622507,0.3811253607273102
244989646,0.09300122,0.04650060832500458
245145232,0.23575789,0.11787894368171692
122486436,0.18565588,0.0928279384970665
245187622,0.04278155,0.021390775218605995
245208479,0.12476923,0.06238461658358574
245001425,0.13050583,0.06525291502475739
245165079,0.05864256,0.029321279376745224
245165370,0.0740348,0.037017401307821274
245118260,0.0058992817,0.002949640853330493
242246793,0.12047466,0.060237329453229904
245070148,0.009407896,0.004703947808593512
231047809,0.20214075,0.10107037425041199
245261406,0.08584692,0.0429234616458416
241220162,0.15254751,0.07627375423908234
245269215,0.018888889,0.009444444440305233
245035346,0.21404898,0.10702449083328247
245108951,0.06004169,0.03002084419131279
245063581,0.03171454,0.01585726998746395
245038005,0.9206855,0.46034276485443115
245096683,0.10200235,0.05100117623806
245201829,0.025245829,0.012622914277017117
245097228,0.0128007885,0.006400394253432751
245087253,0.038204793,0.019102396443486214
245222270,0.05827953,0.029139764606952667
244985764,0.05884991,0.02942495420575142
245167363,0.048114326,0.024057162925601006
245086279,0.40458173,0.2022908627986908
245021824,0.30205432,0.1510271579027176
244947722,0.07200555,0.03600277379155159
244988205,0.07048727,0.03524363413453102
244987431,0.027290573,0.013645286671817303
245171707,0.013310323,0.006655161269009113
245181475,0.248127,0.12406349927186966
245176479,0.05555433,0.027777165174484253
245174637,0.08539523,0.042697615921497345
245154366,0.057198834,0.028599416837096214
244977675,0.24776456,0.12388227880001068
245066035,0.14318916,0.07159458100795746
245052495,0.30033836,0.15016917884349823
245161235,0.76034874,0.3801743686199188
245117013,0.09186982,0.04593491181731224
245185113,0.058117576,0.029058787971735
245092091,0.18008861,0.090044304728508
244954960,0.028568398,0.014284199103713036
244982113,0.10653148,0.05326573923230171
245045668,0.006371297,0.0031856484711170197
245127689,0.17511837,0.08755918592214584
245160871,0.07999298,0.03999648988246918
244989621,0.24600999,0.12300499528646469
244945447,0.085278645,0.04263932257890701
239067290,0.8160088,0.40800440311431885
245010243,0.011126403,0.005563201382756233
245100136,0.08650553,0.043252766132354736
244981928,0.015483335,0.007741667330265045
245177600,0.1681475,0.0840737521648407
244948376,0.024190754,0.0120953768491745
128056006,0.18364245,0.09182122349739075
245174423,0.18199837,0.09099918603897095
245236878,0.06612454,0.033062271773815155
245127936,0.8913534,0.4456767141819
241427297,0.019960618,0.009980308823287487
245192990,0.04691737,0.023458685725927353
245087299,0.0056266785,0.0028133392333984375
245252260,0.04420795,0.02210397459566593
245089141,0.0048998552,0.002449927618727088
245096727,0.13059111,0.06529555469751358
245021376,0.116202235,0.058101117610931396
244988818,0.09385926,0.046929631382226944
245146287,0.048266135,0.024133067578077316
245044399,0.021626549,0.010813274420797825
245043700,0.008154744,0.004077372141182423
125857499,0.104380436,0.05219021812081337
245229149,0.21821284,0.10910642147064209
244989200,0.505922,0.25296100974082947
245125108,0.122312725,0.06115636229515076
245216787,0.05502348,0.02751174010336399
239601948,0.06351795,0.031758975237607956
245124778,0.1987046,0.09935230016708374
245054898,0.32891867,0.16445933282375336
245084788,0.08159732,0.04079866036772728
245252609,0.23830254,0.119151271879673
245091295,0.07954212,0.03977106139063835
244984840,0.0738711,0.03693554922938347
245246381,0.08103195,0.040515974164009094
244988909,0.18066458,0.09033229202032089
245191124,0.06945901,0.03472950682044029
245152512,0.043248095,0.021624047309160233
245047913,0.15153551,0.07576775550842285
245196515,0.13636701,0.06818350404500961
245114650,0.1063675,0.053183749318122864
245207131,0.0072645457,0.0036322728265076876
245061014,0.24763118,0.12381558865308762
245206144,0.06045695,0.030228475108742714
245070813,0.15315929,0.07657964527606964
245091226,0.18085381,0.09042690694332123
245212741,0.006445504,0.003222751896828413
245113474,0.103993036,0.051996517926454544
245216857,0.18432507,0.09216253459453583
245086101,0.0042139287,0.0021069643553346395
242108587,0.18614998,0.0930749922990799
245098358,0.020729711,0.010364855639636517
245100354,0.027705938,0.01385296881198883
245075032,0.19758613,0.09879306703805923
244514993,0.00089889334,0.0004494466702453792
245122658,0.17537554,0.08768776804208755
245241237,0.018874455,0.009437227621674538
245033187,0.005628122,0.0028140610083937645
245036088,0.08283099,0.0414154939353466
245127138,0.06660194,0.0333009697496891
245230977,0.13115752,0.06557875871658325
125637261,0.05684255,0.028421275317668915
244966244,0.18987735,0.09493867307901382
245191889,0.1617008,0.08085040003061295
230510806,0.13379183,0.06689591705799103
245135734,0.027315496,0.013657747767865658
244945959,0.014742848,0.0073714242316782475
245180993,0.014370978,0.007185488939285278
232579258,0.117940746,0.0589703731238842
244967967,0.056257054,0.028128527104854584
245003204,0.24038894,0.12019447237253189
245145242,0.11524174,0.05762087181210518
245064965,0.18261138,0.0913056880235672
245037672,0.099711716,0.04985585808753967
245184928,0.08101752,0.040508758276700974
245161299,0.051165882,0.025582941249012947
245252211,0.1211387,0.06056934967637062
245099000,0.2017577,0.10087884962558746
244956347,0.0193449,0.00967244990170002
245248101,0.1408571,0.07042855024337769
245117359,0.23057482,0.1152874082326889
245118798,0.11346188,0.05673094093799591
240674542,0.20471303,0.10235651582479477
243411946,0.26172343,0.13086171448230743
245176449,0.15520968,0.07760483771562576
245095918,0.038203213,0.01910160668194294
244997072,0.032034945,0.016017472371459007
123305025,0.14851393,0.07425696402788162
245113645,0.06060819,0.030304094776511192
245100430,0.09073535,0.04536767676472664
245122419,0.211036,0.10551799833774567
245181416,0.09089118,0.04544559121131897
244960559,0.13982967,0.06991483271121979
245140943,0.0021217181,0.0010608590673655272
245118023,0.25706285,0.12853142619132996
123076985,0.5266047,0.26330235600471497
245146408,0.13590492,0.067952461540699
245259113,0.08040847,0.040204234421253204
245111803,0.08256929,0.04128464683890343
245113114,0.012632703,0.00631635170429945
245167141,0.13917641,0.06958820670843124
128668065,0.14113465,0.07056732475757599
245147024,0.008848885,0.004424442537128925
245170509,0.08011633,0.04005816578865051
245109906,0.00036974504,0.00018487252236809582
245213911,0.84873825,0.42436912655830383
245098061,0.109379865,0.054689932614564896
245167380,0.025271669,0.012635834515094757
245172178,0.029628119,0.014814059250056744
245076253,0.008269639,0.0041348193772137165
245070671,0.049002632,0.024501316249370575
239474933,0.092848785,0.046424392610788345
244959554,0.11775476,0.058877378702163696
245093227,0.036806114,0.018403057008981705
245109529,0.09454222,0.047271110117435455
125133995,0.94392866,0.4719643294811249
244946502,0.41461435,0.20730717480182648
245079098,0.1705113,0.08525565266609192
245186112,0.0121943345,0.006097167264670134
129090216,0.061639983,0.03081999160349369
241335589,0.20387888,0.10193943977355957
244966914,0.66779643,0.3338982164859772
245155919,0.048970148,0.02448507398366928
245134457,0.0044814036,0.002240701811388135
245112148,0.12339434,0.06169717013835907
244797238,0.6811436,0.340571790933609
240061250,0.08663546,0.043317731469869614
245011544,0.10064844,0.0503242202103138
245097386,0.14678621,0.07339310646057129
245142107,0.048759077,0.024379538372159004
245090219,0.39452466,0.19726233184337616
245241642,0.012952061,0.006476030685007572
245051329,0.062570356,0.031285177916288376
245102528,0.18445387,0.09222693741321564
244588530,0.09508146,0.047540731728076935
245172910,0.97753,0.48876500129699707
245092246,0.10777783,0.05388891324400902
245133730,0.32949188,0.16474594175815582
244991655,0.49521947,0.24760973453521729
245135058,0.20205219,0.10102609544992447
245037442,0.024949828,0.012474914081394672
245155695,0.040866178,0.0204330887645483
244985008,0.19962095,0.09981047362089157
245113956,0.13142152,0.06571076065301895
245060681,0.1753174,0.08765870332717896
245152705,0.29298934,0.14649467170238495
245109764,0.17789447,0.08894723653793335
226725426,0.3206789,0.16033944487571716
245155678,0.080059,0.04002949967980385
245113613,0.026020123,0.013010061345994473
245154493,0.08120354,0.04060177132487297
245001600,0.20779492,0.10389745980501175
244953146,0.022257138,0.011128569021821022
229984071,0.3297847,0.16489234566688538
245086319,0.048429687,0.024214843288064003
245221598,0.05973513,0.029867565259337425
245115218,0.03684811,0.018424054607748985
244954494,0.08081644,0.04040822014212608
245190921,0.035954103,0.017977051436901093
245152666,0.028816372,0.014408186078071594
244994659,0.015280015,0.007640007417649031
245247523,0.0631175,0.031558748334646225
245060970,0.03845808,0.019229039549827576
125652130,0.9361894,0.46809470653533936
245128723,0.08796737,0.043983686715364456
241255734,0.17936282,0.08968140929937363
245121005,0.07344057,0.03672028332948685
245171549,0.040335067,0.020167533308267593
245122905,0.0033192304,0.0016596151981502771
245092118,0.06314048,0.03157024085521698
245162029,0.014777763,0.007388881407678127
245027842,0.00074569136,0.00037284567952156067
245229020,0.06016539,0.030082695186138153
125746000,0.00565129,0.0028256450314074755
245173300,0.10442792,0.05221395939588547
245074901,0.020430896,0.010215448215603828
245208089,0.72564334,0.36282166838645935
245120940,0.098346025,0.049173012375831604
245146571,0.17717323,0.08858661353588104
245216795,0.06887084,0.034435421228408813
244961124,0.08638608,0.043193038552999496
245022833,0.23610988,0.11805494129657745
244944634,0.2379102,0.118955098092556
241013620,0.021007406,0.01050370279699564
245186409,0.10504862,0.05252430960536003
245141516,0.032692038,0.016346018761396408
229999012,0.11761655,0.05880827456712723
245178745,0.021666095,0.010833047330379486
245160706,0.0061874897,0.0030937448609620333
130673714,0.045388483,0.022694241255521774
245096001,0.54808146,0.27404072880744934
245195504,0.05306252,0.026531260460615158
244930781,0.21480215,0.10740107297897339
245109224,0.62785876,0.31392937898635864
245145198,0.009567863,0.004783931653946638
245085379,0.09369912,0.046849559992551804
245040488,0.036963403,0.018481701612472534
244277622,0.46239763,0.23119881749153137
245206861,0.2034184,0.10170920193195343
242938701,0.029450567,0.014725283719599247
244963197,0.16627473,0.08313736319541931
245170901,0.050318748,0.025159373879432678
245129377,0.04347922,0.02173960953950882
245244735,0.049723495,0.02486174739897251
245179910,0.16475426,0.082377128303051
245103618,0.0053261314,0.002663065679371357
244969026,0.021147111,0.0105735557153821
245205891,0.076143816,0.03807190805673599
245026053,0.10768639,0.05384319648146629
245027211,0.039806113,0.01990305632352829
245030691,0.12137181,0.0606859065592289
245002399,0.19918385,0.099591925740242
244950844,0.091574214,0.045787107199430466
245039419,0.25446257,0.12723128497600555
245060577,0.11653873,0.05826936662197113
245216971,0.26731554,0.133657768368721
245079332,0.14195502,0.07097750902175903
245195558,0.009124589,0.004562294576317072
239016741,0.10275412,0.0513770617544651
245205015,0.010921425,0.005460712593048811
245070234,0.102232434,0.0511162169277668
244998736,0.039172847,0.01958642341196537
245096593,0.041515272,0.020757636055350304
245140681,0.07909374,0.039546869695186615
245081002,0.012087385,0.006043692585080862
245159824,0.011802555,0.005901277530938387
245180336,0.60388696,0.30194348096847534
245108961,0.09921491,0.04960745573043823
245211300,0.055774655,0.02788732759654522
245080585,0.041679166,0.02083958312869072
245108482,0.16101587,0.08050793409347534
245124874,0.058916178,0.02945808880031109
245017985,0.29691118,0.14845559000968933
245166324,8.6914464e-05,4.345723209553398e-05
245236012,0.1338672,0.06693360209465027
245202470,0.030863943,0.015431971289217472
245041649,0.64705884,0.3235294222831726
245195418,0.015635684,0.007817842066287994
245205581,0.03173621,0.015868104994297028
245041388,0.11306231,0.0565311536192894
245002908,0.2441143,0.12205714732408524
245119120,0.007876334,0.00393816689029336
245176908,0.046549477,0.0232747383415699
245047967,0.20800845,0.10400422662496567
245149971,0.14660877,0.07330438494682312
245102812,0.05366683,0.026833415031433105
227117606,0.19650419,0.09825209528207779
245056800,0.17355242,0.08677621185779572
245057464,0.03857752,0.01928875967860222
242575537,0.108020686,0.05401034280657768
245095777,0.037653983,0.018826991319656372
242331177,0.10151077,0.05075538530945778
245048150,0.11995955,0.05997977405786514
245194566,0.043140687,0.021570343524217606
244964867,0.115674384,0.057837191969156265
245112955,0.0596726,0.029836300760507584
244971834,0.100104496,0.05005224794149399
245170811,0.011152613,0.005576306488364935
245226281,0.12003914,0.06001957133412361
245269934,0.0691017,0.034550849348306656
244954071,0.21769817,0.10884908586740494
245023223,0.0013020285,0.0006510142702609301
245013840,0.16606112,0.08303055912256241
245115128,0.067528345,0.03376417234539986
245093346,0.15583365,0.07791682332754135
245033117,0.07494862,0.03747430816292763
245131000,0.63307697,0.3165384829044342
245102496,0.04606829,0.023034144192934036
245046266,0.117472686,0.05873634293675423
245226688,0.06472155,0.03236077353358269
232425493,0.276132,0.13806599378585815
245129327,0.067416824,0.03370841220021248
245156872,0.055489764,0.027744881808757782
245114667,0.108519614,0.054259806871414185
245173002,0.047400717,0.023700358346104622
245063824,0.025898725,0.012949362397193909
245130788,0.06171239,0.030856195837259293
245082308,0.42600143,0.21300071477890015
245041843,0.010014813,0.005007406696677208
245108318,0.116714224,0.0583571121096611
245107518,0.00025207567,0.0001260378339793533
245152751,0.20731355,0.10365677624940872
231733959,0.028185824,0.014092911966145039
245113044,0.11214904,0.05607451871037483
245190294,0.013409626,0.006704812869429588
244964781,0.57379764,0.28689882159233093
125028230,0.90024173,0.45012086629867554
239512149,0.10291869,0.05145934596657753
243866115,0.049461193,0.02473059669137001
245185056,0.14201339,0.07100669294595718
232439390,0.08422892,0.04211445897817612
244974543,0.0045164423,0.0022582211531698704
245187329,0.04239607,0.021198034286499023
245100801,0.07828116,0.03914057835936546
245180725,0.05073218,0.02536609023809433
245082032,0.14373852,0.07186926156282425
245231409,0.011747932,0.005873966030776501
245060086,0.10600576,0.05300287902355194
245064424,0.06942014,0.03471006825566292
245098446,0.048931446,0.02446572296321392
245150432,0.026434045,0.013217022642493248
245165681,0.050872855,0.02543642744421959
245074697,0.025946932,0.012973465956747532
245197287,0.13489348,0.0674467384815216
228411684,0.7030428,0.35152140259742737
245165249,0.13669087,0.06834543496370316
245080246,0.098143585,0.049071792513132095
245160246,0.18160136,0.0908006802201271
245138556,0.20091985,0.10045992583036423
245114580,0.36080408,0.18040204048156738
245064449,0.04938026,0.024690130725502968
245202131,0.11875161,0.05937580391764641
245180098,0.038636852,0.01931842602789402
126186263,0.79965377,0.39982688426971436
245036031,0.106751144,0.053375571966171265
245092130,0.34861562,0.17430780827999115
245093012,0.13936046,0.06968022882938385
245141189,0.20705,0.10352499783039093
245082142,0.024650417,0.012325208634138107
245097376,0.11425927,0.0571296364068985
245102412,0.12791047,0.06395523250102997
242265546,0.16701457,0.08350728452205658
245103289,0.0032073595,0.0016036797314882278
245212369,0.049523722,0.024761861190199852
245248495,0.010106818,0.005053408909589052
245252212,0.17364804,0.08682402223348618
245109844,0.62837577,0.3141878843307495
245025486,0.11038431,0.05519215390086174
242583134,0.025594654,0.012797326780855656
244989354,0.944659,0.4723294973373413
242139392,0.18695746,0.0934787318110466
245073628,0.04900304,0.02450151927769184
245186728,0.090296976,0.04514848813414574
245035662,0.23331283,0.11665641516447067
245166636,0.016790865,0.008395432494580746
245145699,0.016833924,0.008416961878538132
245265140,0.012143698,0.0060718487948179245
245046219,0.75468653,0.3773432672023773
245079994,0.09265178,0.046325888484716415
245120380,0.054435838,0.027217919006943703
245147943,0.069044106,0.034522052854299545
245113588,0.0047915345,0.0023957672528922558
245202221,0.24796085,0.12398042529821396
245181576,0.13045168,0.06522583961486816
243173021,0.38956654,0.1947832703590393
245111600,0.02368242,0.01184120960533619
245059357,0.8749042,0.437452107667923
245080700,0.13546845,0.06773422658443451
245169754,0.07834294,0.03917146846652031
245229722,0.04909153,0.024545764550566673
245060551,0.10620708,0.05310354009270668
245033338,0.052071236,0.026035618036985397
245224846,0.48644367,0.24322183430194855
245206687,0.055079572,0.02753978595137596
245185718,0.009820165,0.004910082556307316
245064506,0.07810302,0.03905151039361954
245120341,0.021558903,0.010779451578855515
245147827,0.04521757,0.022608784958720207
237976547,0.67344534,0.3367226719856262
245073783,0.0012429216,0.0006214607856236398
245076352,0.14245898,0.071229487657547
245247439,0.027958144,0.013979071751236916
233098238,0.07703963,0.03851981461048126
245051489,0.2654364,0.13271820545196533
245125157,0.003998312,0.0019991560839116573
245101417,0.06926789,0.03463394567370415
245146648,0.034494523,0.017247261479496956
245205838,0.011763405,0.0058817025274038315
245121055,0.53917134,0.26958566904067993
245090144,0.16416736,0.08208367973566055
245141340,0.39262038,0.19631019234657288
245064148,0.18351097,0.09175548702478409
245042444,0.50483835,0.2524191737174988
245191639,0.0027810915,0.0013905457453802228
245080721,0.056454234,0.02822711691260338
223699200,0.0307221,0.015361050143837929
245228741,0.0663509,0.033175449818372726
245226779,0.11166128,0.055830638855695724
245145746,0.05843519,0.029217595234513283
241678991,0.6799269,0.339963436126709
245171185,0.06171338,0.03085668943822384
245242002,0.067549005,0.03377450257539749
245236757,0.09711393,0.048556964844465256
245040289,0.10134528,0.05067263916134834
245160514,0.006697376,0.003348687896504998
245078913,0.046174593,0.02308729663491249
244953133,0.023744257,0.011872128583490849
245080143,0.12572056,0.06286028027534485
245116664,0.14469123,0.07234561443328857
245205961,0.1351967,0.06759835034608841
245164664,0.011000682,0.005500340834259987
239426977,0.1039724,0.051986198872327805
245185719,0.05179172,0.0258958600461483
245184973,0.0662327,0.03311635181307793
245191350,0.05595638,0.027978189289569855
245102487,0.15254845,0.07627422362565994
245134003,0.06046345,0.030231725424528122
245006211,0.21986459,0.1099322959780693
245060428,0.019033166,0.009516582824289799
245225855,0.18332107,0.09166053682565689
