UNIQUE_ID,hpr_pred,hpr_pred_50
245203329,0.1588617,0.07943084836006165
245255130,0.31625333,0.15812666714191437
245127268,0.049660888,0.024830443784594536
245117275,0.066548616,0.03327430784702301
231615474,0.2633989,0.13169944286346436
245225283,0.011741225,0.00587061233818531
125594054,0.090807796,0.045403897762298584
245217086,0.023638783,0.011819391511380672
245101153,0.029884849,0.01494242437183857
245129097,0.21989158,0.10994578897953033
232621120,0.063367516,0.03168375790119171
244994904,0.17684914,0.08842457085847855
244991647,0.101794876,0.05089743807911873
245185380,0.03431009,0.01715504564344883
245091989,0.16849749,0.08424874395132065
245096151,0.011235128,0.005617564078420401
245079388,0.015949696,0.00797484815120697
240065100,0.03915768,0.01957884058356285
245144704,0.006231631,0.0031158155761659145
245026619,0.008760729,0.004380364436656237
244961199,0.048368398,0.024184199050068855
244997505,0.040984593,0.020492296665906906
245085194,0.03261963,0.016309814527630806
245229461,0.042054318,0.021027158945798874
245192188,0.0043282975,0.002164148725569248
240788520,0.040255535,0.02012776769697666
245206968,0.0029540155,0.0014770077541470528
245061530,0.0139733,0.006986650172621012
245216887,0.049820166,0.024910083040595055
245152282,0.06534099,0.03267049416899681
242906329,0.013887527,0.0069437636993825436
245061918,0.028794235,0.01439711730927229
245108959,0.005380243,0.0026901215314865112
245112638,0.104727484,0.052363742142915726
245015823,0.02804591,0.014022954739630222
245124580,0.14512004,0.07256001979112625
245100656,0.0450692,0.022534599527716637
245136772,0.045600414,0.022800207138061523
245235524,0.074686185,0.037343092262744904
245161993,0.10785974,0.05392986908555031
245134725,0.079930946,0.03996547311544418
245073284,0.023488019,0.011744009330868721
241596047,0.11011435,0.05505717545747757
244989748,0.021704258,0.010852129198610783
245155947,0.10977808,0.05488903820514679
245191383,0.17649996,0.08824998140335083
242882075,0.17150101,0.0857505053281784
245098533,0.014860124,0.007430062163621187
245015148,0.017176628,0.008588314056396484
245219956,0.040157832,0.02007891610264778
245088777,0.20741579,0.10370789468288422
245119643,0.015710086,0.007855042815208435
245204977,0.031467997,0.015733998268842697
245026002,0.08341946,0.04170972853899002
245186977,0.01949456,0.009747279807925224
245107170,0.22597654,0.11298827081918716
242129605,0.0400715,0.020035749301314354
241092454,0.29622936,0.14811468124389648
245206667,0.008216141,0.004108070395886898
245268078,0.15417986,0.07708992809057236
245023532,0.03204691,0.016023455187678337
245094068,0.008800733,0.004400366451591253
245085430,0.06580233,0.03290116414427757
244231855,0.07389806,0.0369490310549736
245230120,0.019500796,0.009750397875905037
245075574,0.00029907865,0.00014953932259231806
245211362,0.109675616,0.05483780801296234
245171693,0.061782714,0.030891356989741325
235264448,0.013298805,0.0066494024358689785
245161169,0.18856113,0.09428056329488754
121734656,0.015107119,0.007553559727966785
245059555,0.018323569,0.009161784313619137
245085433,0.02758892,0.013794460333883762
245002512,0.026325362,0.01316268090158701
244967670,0.043519337,0.021759668365120888
245153046,0.010277979,0.0051389895379543304
245107641,0.15150693,0.07575346529483795
245122304,0.1416033,0.07080165296792984
245117338,0.05748262,0.02874130941927433
245173199,0.30711898,0.15355949103832245
245113639,0.1113699,0.055684950202703476
245220684,0.1058248,0.0529123991727829
245264854,0.011483284,0.005741641856729984
245222868,0.18096611,0.09048305451869965
245242755,0.12840305,0.06420152634382248
244991167,0.06511907,0.03255953639745712
245102091,0.1450527,0.07252635061740875
226381273,0.0053604837,0.0026802418287843466
245198315,0.018553007,0.009276503697037697
245080148,0.16891268,0.08445633947849274
245160740,0.0042292154,0.0021146077197045088
245135781,0.1230472,0.06152360141277313
245171317,0.23904516,0.1195225790143013
244964930,0.008189087,0.0040945434011518955
245196443,0.16300681,0.08150340616703033
241986635,0.12729476,0.06364738196134567
245090631,0.009818636,0.0049093179404735565
245195860,0.035740577,0.017870288342237473
245195035,0.27703482,0.13851740956306458
245080520,0.012611844,0.006305921822786331
245065637,0.020885268,0.010442634113132954
245207664,0.2092403,0.10462015122175217
245237160,0.03198639,0.01599319465458393
245068278,0.09686016,0.04843008145689964
229905162,0.26876166,0.13438083231449127
244952052,0.012756809,0.006378404330462217
245083894,0.090802565,0.045401282608509064
245141551,0.051924706,0.025962352752685547
245168959,0.10694541,0.05347270518541336
238696423,0.110038914,0.05501945689320564
245123873,0.096308045,0.04815402254462242
245033641,0.0010399568,0.0005199784063734114
245118814,0.14930207,0.07465103268623352
244960688,0.035033938,0.0175169687718153
245122164,0.20192595,0.10096297413110733
245122398,0.1673458,0.0836729034781456
245100898,0.18477355,0.09238677471876144
245202774,0.048193295,0.024096647277474403
245226141,0.06485929,0.03242964670062065
244519934,0.1439477,0.07197385281324387
245135578,0.016212786,0.008106392808258533
231415841,0.08779515,0.04389757663011551
244987651,0.030850695,0.015425347723066807
245081608,0.04859506,0.024297529831528664
245226067,0.070671454,0.0353357270359993
245139162,0.015912252,0.007956125773489475
235890812,0.13496965,0.06748482584953308
234973763,0.012276699,0.0061383494175970554
245151808,0.25816268,0.1290813386440277
245167774,0.04482892,0.02241446077823639
233048109,0.13519146,0.06759572774171829
245075734,0.053752486,0.026876242831349373
245222606,0.0024967112,0.0012483556056395173
245071110,0.048225105,0.024112552404403687
245096120,0.02518087,0.012590435333549976
245091492,0.060013134,0.030006567016243935
245073955,0.016744789,0.008372394368052483
242971856,0.009922224,0.004961112048476934
245171593,0.0030410155,0.0015205077361315489
245217078,0.0022675542,0.0011337770847603679
245084897,0.04060242,0.02030120976269245
245094067,0.018601138,0.00930056907236576
245207928,0.045641754,0.02282087691128254
245113575,0.16194613,0.0809730663895607
120606170,0.24519157,0.12259578704833984
245166592,0.048524275,0.024262137711048126
241995384,0.08929,0.044645000249147415
245225261,0.09892964,0.04946482181549072
245211902,0.0032247426,0.0016123712994158268
245198486,0.07782026,0.03891012817621231
244957600,0.0956074,0.04780369997024536
244945087,0.04979252,0.02489626035094261
245066239,0.011954591,0.005977295339107513
245094164,0.029786484,0.0148932421579957
245060967,0.08001037,0.04000518471002579
245057242,0.08773762,0.043868809938430786
245141898,0.24608967,0.12304483354091644
245160608,0.012159461,0.006079730577766895
245133624,0.004030236,0.002015118021517992
245159588,0.042853724,0.021426862105727196
244982626,0.019825583,0.009912791661918163
236796233,0.1337384,0.06686919927597046
239598404,0.06860777,0.03430388495326042
125984614,0.06521501,0.03260750323534012
245178847,0.006038291,0.003019145457074046
245172978,0.035080623,0.017540311440825462
244973425,0.0061950013,0.003097500652074814
245105628,0.006535242,0.003267620922997594
245051032,0.003010179,0.001505089458078146
245050623,0.119632475,0.05981623753905296
239173408,0.17176723,0.08588361740112305
245046720,0.14290406,0.07145202904939651
245085652,0.03070205,0.015351025387644768
245084645,0.029521273,0.01476063672453165
245032916,0.008431845,0.004215922672301531
244961466,0.12910552,0.06455276161432266
245112206,0.028754828,0.014377414248883724
244967460,0.07496943,0.03748471662402153
235137680,0.3057263,0.15286314487457275
245176733,0.09318429,0.046592146158218384
245036746,0.20953768,0.10476884245872498
239583219,0.035302524,0.017651261761784554
244959938,0.060722876,0.030361438170075417
245064301,0.053973146,0.02698657289147377
245030127,0.039931383,0.01996569149196148
245105553,0.10075658,0.05037828907370567
245187705,0.017925553,0.008962776511907578
245169510,0.029282566,0.014641283079981804
245220226,0.11855376,0.05927687883377075
244995123,0.03175451,0.01587725430727005
244958839,0.013233347,0.006616673432290554
245142309,0.0026152048,0.001307602389715612
244992910,0.08264012,0.041320059448480606
245035199,0.06296539,0.031482696533203125
245084500,0.010806117,0.0054030586034059525
245123538,0.25577003,0.12788501381874084
245069812,0.03418818,0.017094090580940247
245085490,0.020470204,0.010235101915895939
245023516,0.16925195,0.0846259742975235
239474138,0.09357702,0.04678850993514061
244945589,0.052397415,0.02619870752096176
245144452,0.069851846,0.0349259227514267
125329969,0.022737049,0.0113685242831707
245052007,0.033089977,0.016544988378882408
245274271,0.013236716,0.0066183581948280334
245041333,0.085479215,0.04273960739374161
245202022,0.016507246,0.00825362280011177
234596175,0.15995568,0.0799778401851654
245100055,0.0025038598,0.0012519299052655697
245008235,0.0016858347,0.0008429173612967134
245247172,0.0010263836,0.0005131918005645275
245175413,0.04737408,0.02368704043328762
244930818,0.20601614,0.10300806909799576
245187838,0.016511675,0.008255837485194206
124007943,0.22766435,0.11383217573165894
244154418,0.037493303,0.018746651709079742
243391758,0.031655222,0.015827611088752747
245067180,0.06938939,0.034694693982601166
245074836,0.015589946,0.007794972974807024
245022456,0.1235995,0.06179974973201752
245111982,0.056126133,0.02806306630373001
245116968,0.11771767,0.05885883420705795
237890259,0.24833302,0.12416651099920273
245216267,0.024129882,0.012064941227436066
245033005,0.17656787,0.08828393369913101
245142020,0.29602164,0.14801082015037537
245154622,0.1071807,0.05359034985303879
245155605,0.14334668,0.07167334109544754
244968611,0.054601394,0.027300696820020676
245181078,0.04417748,0.02208874002099037
245130587,0.14016968,0.0700848400592804
245171531,0.10446825,0.05223412439227104
245117360,0.041839812,0.020919905975461006
240008381,0.05375363,0.026876814663410187
245144743,0.0580346,0.02901729941368103
245191877,0.025390454,0.012695226818323135
241774483,0.09305642,0.04652820900082588
245060802,0.048829213,0.024414606392383575
244981584,0.1460327,0.07301635295152664
245226461,0.060998674,0.03049933724105358
245227768,0.028865647,0.014432823285460472
244935805,0.11423947,0.05711973458528519
245174356,0.008370216,0.0041851080022752285
244961587,0.00048801806,0.00024400903203058988
245152675,0.15038894,0.07519447058439255
244987969,0.081236355,0.0406181775033474
235593398,0.028837182,0.014418590813875198
245109100,0.008553125,0.004276562482118607
245243020,0.30604926,0.15302462875843048
245051900,0.01631227,0.008156134746968746
245145842,0.118223526,0.059111762791872025
245166261,0.09582799,0.04791399464011192
243009966,0.025857905,0.01292895246297121
245033630,0.04954796,0.02477397955954075
245102047,0.08678324,0.04339161887764931
245192771,0.031144714,0.01557235699146986
245116833,0.01818289,0.009091445244848728
244987529,0.05388312,0.026941560208797455
133910211,0.033159975,0.016579987481236458
235384583,0.086557254,0.04327862709760666
245179347,0.09391423,0.046957116574048996
245057767,0.048484176,0.024242088198661804
245052570,0.02013508,0.010067540220916271
245133853,0.35625497,0.1781274825334549
244163154,0.124834195,0.06241709738969803
245165790,0.021257034,0.010628516785800457
244977803,0.08846726,0.04423363134264946
244964512,0.020031987,0.010015993379056454
245211118,0.015326909,0.00766345439478755
241982151,0.07726421,0.0386321060359478
245171841,0.1325458,0.06627289950847626
245108656,0.2868693,0.14343464374542236
245127759,0.07594233,0.03797116503119469
245167396,0.005092507,0.002546253614127636
244998858,0.004880943,0.0024404714349657297
245122791,0.0119533865,0.0059766932390630245
245135827,0.03764565,0.018822824582457542
245212311,0.09082462,0.04541230946779251
245064642,0.074408166,0.0372040830552578
245186537,0.25131193,0.12565596401691437
245212797,0.050731227,0.025365613400936127
232417855,0.11184579,0.055922895669937134
245109472,0.101109445,0.05055472254753113
245170685,0.008661787,0.004330893512815237
245152712,0.06902247,0.03451123461127281
245155989,0.061859366,0.0309296827763319
245162263,0.028258543,0.014129271730780602
244937136,0.0027074122,0.0013537061167880893
240572063,0.099359326,0.04967966303229332
241590422,0.011103767,0.005551883485168219
245146550,0.12964614,0.06482306867837906
245115005,0.024263777,0.012131888419389725
245119568,0.021488953,0.010744476690888405
245073402,0.07056427,0.035282135009765625
245067514,0.30615178,0.15307588875293732
245207393,0.19587798,0.09793899208307266
244985780,0.0056510805,0.0028255402576178312
245127407,0.028715482,0.014357740990817547
245144067,0.1954758,0.09773790091276169
245005985,0.19166806,0.09583403170108795
245261354,0.03692693,0.018463464453816414
245130791,0.064317144,0.03215857222676277
124682173,0.24398297,0.12199148535728455
245139710,0.26205632,0.1310281604528427
245081195,0.00088799605,0.00044399802573025227
239610576,0.011578302,0.005789150949567556
245065609,0.15292951,0.07646475732326508
245107770,0.08742148,0.04371073842048645
231025818,0.05394242,0.026971209794282913
245001973,0.059732005,0.02986600250005722
245154953,0.04229086,0.021145429462194443
242288245,0.03883129,0.01941564492881298
245170974,0.041824766,0.020912382751703262
245211889,0.081313916,0.040656957775354385
245146406,0.005173191,0.002586595481261611
245046316,0.0071106274,0.0035553136840462685
244973608,0.13468975,0.06734487414360046
245224795,0.061924867,0.03096243366599083
245114880,0.14075834,0.07037916779518127
245148232,0.0074928515,0.0037464257329702377
245224739,0.04180929,0.020904645323753357
245133746,0.020266077,0.010133038274943829
244935111,0.064508006,0.03225400298833847
245225154,0.10378754,0.051893770694732666
245056028,0.0021150068,0.0010575033957138658
244937351,0.021603715,0.010801857337355614
245129209,0.026740855,0.013370427303016186
245242184,0.061417423,0.030708711594343185
245096878,0.015917733,0.007958866655826569
245140781,0.03295395,0.01647697575390339
245179913,0.14116754,0.0705837681889534
245166714,0.019548384,0.009774192236363888
241338401,0.12875643,0.06437821686267853
245108549,0.10693466,0.05346732959151268
245062166,0.33411208,0.16705603897571564
245080593,0.0018949358,0.0009474679245613515
245085604,0.071153075,0.03557653725147247
245150844,0.05549915,0.027749575674533844
245086075,0.013585198,0.006792598869651556
242521272,0.24537906,0.12268953025341034
245008120,0.004491865,0.002245932584628463
245206276,0.0004147261,0.00020736304577440023
245206550,0.14821616,0.0741080790758133
236248808,0.1549653,0.07748264819383621
245113043,0.06900743,0.03450371325016022
245007561,0.18511637,0.09255818277597427
245207838,0.1914031,0.09570155292749405
245260439,0.072287805,0.03614390268921852
245260360,0.0011960554,0.0005980277201160789
228365169,0.059206307,0.029603153467178345
245150901,0.060351107,0.030175553634762764
245092816,0.01633796,0.008168979547917843
245075073,0.22348501,0.11174250394105911
245123687,0.12378228,0.061891138553619385
245175066,0.014468337,0.007234168704599142
245059991,0.06468442,0.03234221041202545
245208539,0.16171315,0.0808565765619278
245033144,0.011715369,0.005857684649527073
245148020,0.027689634,0.013844816945493221
232121707,0.28777337,0.14388668537139893
245167432,0.055399626,0.02769981324672699
244965338,0.0013151416,0.000657570781186223
245086817,0.0040737423,0.0020368711557239294
244049660,0.039088957,0.019544478505849838
245147493,0.049145572,0.024572785943746567
245112222,0.027418248,0.01370912417769432
244169670,0.0362543,0.01812715083360672
245152065,0.083754234,0.04187711700797081
231577651,0.12541807,0.0627090334892273
245115076,0.12438339,0.06219169497489929
245096766,0.1016887,0.05084434896707535
242445320,0.080372885,0.04018644243478775
245175044,0.027720721,0.013860360719263554
244950168,0.06844198,0.03422098979353905
244662308,0.23483448,0.11741723865270615
245185561,0.028584436,0.014292217791080475
245128464,0.023731444,0.011865722015500069
244998661,0.02449646,0.012248230166733265
245216637,0.346565,0.17328250408172607
245196796,0.1811016,0.09055080264806747
245042622,0.13122317,0.0656115859746933
245192112,0.10531673,0.05265836417675018
245074457,0.128717,0.06435850262641907
245043553,0.0632783,0.03163915127515793
245144693,0.0025000256,0.0012500127777457237
245245395,0.018110983,0.009055491536855698
245005546,0.07444914,0.03722456842660904
245012886,0.027940065,0.013970032334327698
245179112,0.15307075,0.07653537392616272
244982410,0.09936479,0.04968239367008209
245169787,0.1445397,0.07226984947919846
245078756,0.030670384,0.01533519197255373
245102007,0.030638548,0.015319273807108402
245196538,0.047660183,0.023830091580748558
245181016,0.08589001,0.042945004999637604
245090762,0.0056310287,0.002815514337271452
245091951,0.027623001,0.013811500743031502
245133544,0.03340702,0.016703510656952858
243026936,0.057839263,0.028919631615281105
245057316,0.004840152,0.002420075936242938
245067678,0.09200543,0.046002715826034546
245166152,0.2791077,0.13955384492874146
126151038,0.07487952,0.03743975982069969
244956242,0.03520329,0.01760164462029934
245165734,0.054447427,0.02722371369600296
245031549,0.101530515,0.0507652573287487
245226045,0.050403114,0.02520155720412731
245166680,0.032281086,0.016140542924404144
245124740,0.07216528,0.036082640290260315
245151354,0.0768435,0.03842175006866455
242758897,0.17681447,0.0884072333574295
245195133,0.08646205,0.04323102533817291
245175161,0.0055903704,0.0027951851952821016
245093196,0.016308658,0.008154328912496567
245179789,0.022429718,0.01121485885232687
244940132,0.105036646,0.0525183230638504
245129649,0.024503082,0.012251541018486023
236698490,0.03229517,0.016147585585713387
245139317,0.014103167,0.007051583379507065
245187519,0.001639909,0.0008199544972740114
244968095,0.25311056,0.12655527889728546
245060055,0.14725393,0.07362696528434753
244964945,0.088496834,0.044248417019844055
245205120,0.0740287,0.037014350295066833
245028135,0.012690363,0.006345181725919247
245113960,0.121225156,0.06061257794499397
245081230,0.033569653,0.016784826293587685
244957163,0.008334907,0.00416745338588953
245043116,0.0028388018,0.0014194009127095342
244979226,0.08823417,0.04411708563566208
245254661,0.015831923,0.007915961556136608
245186049,0.029136995,0.01456849742680788
245122312,0.030446747,0.015223373658955097
245081120,0.16259858,0.08129929006099701
245086156,0.0555029,0.02775144949555397
244984721,0.061046716,0.030523357912898064
245056367,0.032138217,0.016069108620285988
128131161,0.04729639,0.02364819496870041
245146740,0.082563244,0.041281621903181076
244956008,0.063679844,0.031839922070503235
245032461,0.039390694,0.019695347175002098
245000497,0.07263421,0.03631710633635521
240626947,0.08078395,0.04039197415113449
245175423,0.024234585,0.012117292732000351
244953027,0.09098322,0.04549160972237587
244984652,0.048145883,0.02407294139266014
245130237,0.055771776,0.027885887771844864
245207344,0.121472076,0.0607360377907753
245070991,0.013838682,0.0069193411618471146
235944592,0.026265074,0.01313253678381443
245090473,0.060237896,0.030118947848677635
245178750,0.049564745,0.024782372638583183
245256600,0.061028782,0.030514391139149666
229824893,0.16254625,0.08127312362194061
235093889,0.13407114,0.06703557074069977
245226027,0.29774266,0.14887133240699768
245156124,0.013355707,0.006677853409200907
245016647,0.22536968,0.11268483847379684
245187516,0.012366662,0.006183330900967121
245174649,0.011961932,0.00598096614703536
242791077,0.05487972,0.027439860627055168
245106871,0.13008709,0.06504354625940323
238849888,0.13397942,0.0669897124171257
245155312,0.019750874,0.009875437244772911
244410361,0.006757882,0.0033789409790188074
245012501,0.033162866,0.01658143289387226
245150887,0.0059858146,0.0029929073061794043
245086023,0.07918613,0.03959306329488754
245117486,0.107643984,0.05382199212908745
245051308,0.019743145,0.009871572256088257
245125071,0.016124027,0.008062013424932957
245116708,0.13740231,0.06870115548372269
245108955,0.064649,0.032324500381946564
245005321,0.07892596,0.03946297988295555
245037060,0.04197862,0.0209893099963665
232295671,0.20951419,0.10475709289312363
245225046,0.22779256,0.11389628052711487
245047653,0.12430057,0.06215028464794159
245060099,0.0023691424,0.0011845711851492524
245255482,0.011393665,0.0056968326680362225
245265336,0.07473917,0.037369586527347565
245180139,0.06932783,0.03466391563415527
245051324,0.28457928,0.1422896385192871
245160450,0.011126918,0.005563458893448114
245055023,0.27092904,0.13546451926231384
233995410,0.0068172906,0.0034086452797055244
244985047,0.07496291,0.03748145326972008
245166947,0.11407936,0.05703968182206154
245067710,0.30727547,0.15363773703575134
125092751,0.10935741,0.05467870458960533
230177111,0.10348199,0.05174099653959274
244984990,0.035391174,0.017695587128400803
120075759,0.024312537,0.012156268581748009
233263815,0.02532109,0.01266054529696703
244848623,0.14365447,0.071827232837677
244292501,0.068290494,0.03414524719119072
245237284,0.22994198,0.11497098952531815
245127952,0.0015926615,0.0007963307434692979
239280277,0.12093316,0.06046658009290695
245079142,0.003505362,0.0017526809824630618
245200691,0.038909316,0.019454658031463623
245118684,0.3000041,0.15000204741954803
245171726,0.027607374,0.013803686946630478
237271787,0.17194033,0.08597016334533691
245041848,0.06351302,0.031756509095430374
245167147,0.07052547,0.035262733697891235
244967234,0.016226353,0.008113176561892033
245216205,0.05387877,0.026939384639263153
245242303,0.10914859,0.05457429587841034
245001660,0.012798723,0.006399361416697502
245087122,0.111649364,0.055824682116508484
236428235,0.12779291,0.06389645487070084
245007964,0.07909193,0.03954596444964409
245180077,0.05055303,0.025276515632867813
245235495,0.004578917,0.0022894584108144045
240019554,0.20734397,0.10367198288440704
244947916,0.012974874,0.006487437058240175
245124554,0.039280754,0.019640376791357994
245136607,0.12655748,0.06327874213457108
245170368,0.028891962,0.01444598101079464
244985330,0.15004002,0.07502000778913498
245205624,0.041037805,0.02051890268921852
245254444,0.0890507,0.044525351375341415
240764806,0.09988787,0.04994393512606621
244964757,0.11118116,0.05559058114886284
245130635,0.016961727,0.008480863645672798
245067068,0.052311882,0.02615594118833542
245152671,0.07509156,0.03754578158259392
245161977,4.827327e-05,2.4136634237947874e-05
245052715,0.07942003,0.039710015058517456
245179298,0.006748536,0.0033742680680006742
245037991,0.0064374073,0.003218703670427203
245041314,0.0051406743,0.002570337150245905
245089854,0.14830033,0.07415016740560532
245061753,0.034069836,0.017034918069839478
245067227,0.07912252,0.03956126049160957
245090239,0.006673927,0.003336963476613164
244786953,0.009970044,0.004985021892935038
245017414,0.04462431,0.02231215499341488
245155431,0.037166566,0.018583282828330994
245111704,0.0070138937,0.0035069468431174755
245196208,0.108812146,0.054406072944402695
245064689,0.0065190615,0.003259530756622553
244942310,0.0038935982,0.0019467991078272462
245156089,0.0405607,0.020280349999666214
241665246,0.2430723,0.12153615057468414
243179072,0.09554525,0.04777262359857559
245128148,0.023232391,0.011616195552051067
245208325,0.0271846,0.01359230000525713
245225600,0.10690292,0.05345145985484123
245151143,0.08708369,0.04354184493422508
245060040,0.07260403,0.03630201518535614
240552567,0.049385283,0.02469264157116413
245066132,0.03547276,0.01773638091981411
245134095,0.005436281,0.0027181406039744616
245012812,0.11132931,0.055664654821157455
243373481,0.18389621,0.09194810688495636
245113922,0.2922845,0.14614224433898926
239567941,0.14442062,0.07221031188964844
244950418,0.114237756,0.05711887776851654
243405074,0.11643893,0.05821946635842323
245212492,0.030820405,0.01541020255535841
245057402,0.09157472,0.04578736051917076
245061568,0.006996314,0.0034981570206582546
245073377,0.032954007,0.016477003693580627
245120470,0.0039181868,0.0019590933807194233
241109731,0.08244377,0.04122188314795494
245219245,0.032892056,0.016446027904748917
245179128,0.0065981047,0.0032990523613989353
245192848,0.08069526,0.0403476282954216
245135671,0.11951842,0.05975921079516411
245074029,0.012516222,0.006258110981434584
245083899,0.074901685,0.037450842559337616
245093453,0.10751111,0.05375555530190468
245032067,0.13650413,0.0682520642876625
245036012,0.014573509,0.007286754436790943
245151303,0.05370492,0.026852460578083992
245181839,0.025252488,0.012626243755221367
245247454,0.29256138,0.1462806910276413
245098106,0.08956602,0.044783011078834534
245225545,0.07281141,0.03640570491552353
245065788,0.07555426,0.037777129560709
245057257,0.010935414,0.005467706825584173
245093550,0.10370931,0.051854655146598816
245124326,0.046072785,0.023036392405629158
230702492,0.056214854,0.028107427060604095
245202905,0.13153477,0.06576738506555557
240204764,0.1976911,0.09884554892778397
244290605,0.0027312967,0.0013656483497470617
245096579,0.015007106,0.007503552827984095
245078999,0.20315768,0.10157883912324905
245087708,0.032478865,0.016239432618021965
245107550,0.043959063,0.02197953127324581
244936350,0.013406124,0.006703061982989311
245134442,0.05140529,0.025702644139528275
245185674,0.007542639,0.003771319519728422
245087592,0.032806147,0.0164030734449625
245060886,0.010104128,0.0050520640797913074
245119463,0.06198399,0.030991995707154274
245156412,0.40016314,0.20008157193660736
245221512,0.15331298,0.07665649056434631
244981925,0.056754354,0.028377177193760872
245109218,0.0030413205,0.0015206602402031422
245154282,0.26661012,0.13330505788326263
245140604,0.06784428,0.033922139555215836
245216485,0.26455897,0.13227948546409607
245084165,0.024629217,0.012314608320593834
124621507,0.07683024,0.03841511905193329
244961057,0.09408061,0.04704030603170395
245078434,0.03073759,0.015368795022368431
244242718,0.14302884,0.07151442021131516
245166310,0.02852835,0.014264174737036228
245065026,0.21957801,0.10978900641202927
122813298,0.028436638,0.014218319207429886
245241743,0.036619935,0.01830996759235859
245071246,0.062573224,0.031286612153053284
245241103,0.098066896,0.04903344810009003
245074682,0.004677565,0.0023387824185192585
245085023,0.004751189,0.002375594573095441
245229956,0.013552252,0.006776126101613045
245222781,0.024693904,0.012346952222287655
244965246,0.18245402,0.09122700989246368
242123170,0.0044588004,0.002229400211945176
245175605,0.008546908,0.004273454193025827
245109114,0.120733,0.06036650016903877
245089610,0.049372807,0.024686403572559357
245117209,0.11374369,0.056871846318244934
244964459,0.15041901,0.07520950585603714
245226120,0.17280221,0.08640110492706299
239789003,0.011186651,0.005593325477093458
245112344,0.021871284,0.010935641825199127
245085381,0.20017149,0.10008574277162552
240843434,0.16791856,0.08395928144454956
245087624,0.028484479,0.01424223929643631
241817275,0.1224774,0.06123869866132736
230257297,0.027927661,0.013963830657303333
243422421,0.08417055,0.042085275053977966
245175729,0.07994682,0.039973411709070206
245063904,0.13455968,0.06727983802556992
243092191,0.14954066,0.07477033138275146
242977376,0.08462482,0.04231240972876549
245067450,0.00030332804,0.00015166401863098145
245216653,0.011088881,0.005544440355151892
245172511,0.13706395,0.06853197515010834
245081327,0.011840751,0.005920375697314739
245061861,0.0015112235,0.0007556117489002645
245115341,0.015215005,0.007607502397149801
245151114,0.006035922,0.003017961047589779
245134696,0.013563775,0.006781887728720903
245140636,0.07636225,0.0381811261177063
245091936,0.013758978,0.006879488937556744
245185343,0.16217157,0.08108578622341156
245112728,0.0020774514,0.001038725720718503
244956938,0.28041536,0.1402076780796051
245073230,0.20975864,0.10487931966781616
245151183,0.0044711255,0.0022355627734214067
245063682,0.02374748,0.011873739771544933
244963164,0.18916523,0.09458261728286743
245102196,0.06392167,0.03196083381772041
245020690,0.06741594,0.03370796889066696
245047098,0.011389283,0.0056946417316794395
245185209,0.19082901,0.09541450440883636
245080295,0.039288484,0.01964424178004265
245180340,0.11264793,0.05632396414875984
245079281,0.015150722,0.007575361058115959
223891829,0.0432283,0.02161414921283722
245097156,0.022414578,0.011207289062440395
245207165,0.009488096,0.0047440482303500175
233207928,0.2097325,0.10486625134944916
245164253,0.02806837,0.014034184627234936
245230656,0.013732992,0.006866496056318283
245240740,0.055158183,0.027579091489315033
244958003,0.07791743,0.03895871341228485
245035416,0.13799661,0.0689983069896698
245172739,0.094867624,0.04743381217122078
245171396,0.011237215,0.005618607625365257
245264514,0.0053840056,0.0026920028030872345
245119013,0.09995623,0.049978114664554596
245151287,0.06596087,0.032980434596538544
245075090,0.077733725,0.038866862654685974
245059742,0.025241628,0.012620814144611359
245180894,0.04636272,0.023181360214948654
245123750,0.051326104,0.02566305175423622
245116698,0.19931346,0.09965673089027405
245159883,0.06329191,0.03164595365524292
245106669,0.1703334,0.08516670018434525
234416884,0.28646946,0.1432347297668457
245220402,0.08077421,0.0403871051967144
245101924,0.0026960738,0.0013480369234457612
245097608,0.049325198,0.024662598967552185
245191598,0.008900891,0.004450445529073477
244973741,0.13293807,0.06646903604269028
245229148,0.050203744,0.02510187216103077
245085596,0.014300729,0.007150364574044943
245119703,0.29729497,0.1486474871635437
245118423,0.1003127,0.050156351178884506
241960045,0.17907837,0.08953918516635895
245021394,0.070877865,0.03543893247842789
245151381,0.09302892,0.04651445895433426
245042066,0.0028702412,0.001435120590031147
245156413,0.083253175,0.04162658751010895
124627996,0.105503015,0.052751507610082626
245147019,0.038246926,0.019123462960124016
245134681,0.19466653,0.09733326733112335
125354354,0.034803547,0.01740177348256111
245122193,0.0313709,0.01568545028567314
245123604,0.016082844,0.008041421882808208
245128884,0.12939854,0.06469926983118057
245150957,0.022541873,0.011270936578512192
244968699,0.17498598,0.08749298751354218
245207949,0.021209456,0.010604728013277054
245206670,0.036662534,0.018331266939640045
245231439,0.016591808,0.008295903913676739
245032229,0.03125154,0.015625769272446632
245073240,0.06370802,0.03185401111841202
235501020,0.005824064,0.002912031952291727
245026037,0.087496,0.043747998774051666
245085340,0.017159684,0.008579841814935207
245229103,0.0073284446,0.003664222313091159
245235497,0.009514331,0.004757165443152189
245177393,0.07148942,0.03574471175670624
245098289,0.011619772,0.005809885915368795
245048041,0.16042106,0.08021052926778793
245278411,0.025697764,0.012848882004618645
245090471,0.021552758,0.010776379145681858
245231726,0.00025325993,0.00012662996596191078
245194451,0.3954479,0.19772395491600037
245064784,0.1811435,0.09057175368070602
245213509,0.0075031626,0.0037515813019126654
245091221,0.07810927,0.03905463591217995
245120912,0.0039940914,0.0019970457069575787
238101308,0.06248149,0.03124074451625347
245127707,0.14935246,0.07467623054981232
245146910,0.057278845,0.028639422729611397
244988989,0.0153413,0.007670649792999029
245037526,0.008851111,0.004425555467605591
245161482,0.021800188,0.010900094173848629
245177289,0.04857954,0.024289770051836967
245207900,0.13393098,0.0669654905796051
245113454,0.025085988,0.012542993761599064
234622756,0.069828436,0.03491421788930893
245129996,0.033001017,0.016500508412718773
245141007,0.07789836,0.03894918039441109
240261278,0.07891485,0.039457425475120544
245140745,0.039205506,0.019602753221988678
239634464,0.043795858,0.021897928789258003
245112933,0.016503206,0.00825160276144743
245100408,0.04162403,0.020812014117836952
245074268,0.06808387,0.034041933715343475
245256970,0.13106601,0.06553300470113754
245064606,0.013341935,0.006670967675745487
245160525,0.08987564,0.04493781924247742
245226891,0.1476432,0.07382159680128098
245192569,0.09830653,0.04915326461195946
245155093,0.1166506,0.058325301855802536
245117218,0.054031476,0.02701573818922043
245242204,0.009651046,0.0048255231231451035
245118252,0.123178914,0.06158945709466934
245151623,0.0032683315,0.0016341657610610127
245231802,0.0578709,0.028935449197888374
245091861,0.018249745,0.009124872274696827
245252129,0.037959438,0.018979718908667564
245013875,0.009193833,0.004596916493028402
245160959,0.21179083,0.10589541494846344
124928398,0.024952466,0.012476232834160328
245146219,0.032339208,0.016169603914022446
245118389,0.026409311,0.013204655610024929
245152883,0.116624884,0.058312442153692245
245090896,0.003668957,0.0018344784621149302
245166242,0.015016003,0.0075080012902617455
244977850,0.22807674,0.1140383705496788
245100202,0.07595841,0.03797920420765877
245109402,0.034478836,0.017239417880773544
245067806,0.07263966,0.036319829523563385
245123537,0.12657097,0.06328548491001129
245048211,0.044308454,0.022154226899147034
245115075,0.23496993,0.11748496443033218
245205997,0.054967403,0.027483701705932617
122590365,0.044221718,0.02211085893213749
245108253,0.06089269,0.03044634498655796
245207788,0.011196551,0.0055982754565775394
242261172,0.18378045,0.09189022332429886
245219945,0.036174282,0.01808714121580124
245109315,0.13681273,0.0684063658118248
121280206,0.12719373,0.06359686702489853
245191039,0.13617064,0.06808532029390335
245140623,0.011260609,0.00563030457124114
245152431,0.04324409,0.02162204496562481
245103686,0.018453354,0.009226677007973194
244963803,0.062649526,0.03132476285099983
245069762,0.10984839,0.054924193769693375
245256028,0.033276703,0.01663835160434246
245096499,0.02316907,0.011584535241127014
245220727,0.062478907,0.031239453703165054
231595625,0.12759316,0.06379657983779907
244989776,0.01248446,0.0062422300688922405
245161496,0.0052391724,0.0026195861864835024
245144002,0.0055283024,0.0027641511987894773
245060249,0.23368539,0.11684269458055496
245047745,0.054429717,0.027214858680963516
245072831,0.019576838,0.009788419120013714
245145502,0.05223659,0.026118295267224312
245196446,0.011521587,0.005760793574154377
124901647,0.18577024,0.09288512170314789
245173124,0.31702864,0.15851432085037231
245084624,0.087300025,0.04365001246333122
245125019,0.09056927,0.045284636318683624
245145157,0.04334807,0.021674035117030144
245159604,0.13622428,0.06811214238405228
241798168,0.016416693,0.00820834655314684
245034949,0.024101885,0.01205094251781702
245101531,0.031195015,0.015597507357597351
238475118,0.10066858,0.05033428966999054
245067122,0.19748157,0.09874078631401062
245011008,0.008832181,0.004416090436279774
245061207,0.034882132,0.01744106598198414
245109457,0.018554622,0.009277311153709888
244989845,0.0047599683,0.0023799841292202473
245130595,0.07565687,0.03782843425869942
244418625,0.06466614,0.032333068549633026
234317947,0.034470234,0.01723511703312397
244956548,0.018618539,0.009309269487857819
245151636,0.009298502,0.004649250768125057
244945196,0.16029109,0.08014554530382156
241840660,0.14510024,0.07255011796951294
121638744,0.07542908,0.03771454095840454
245114491,0.045430165,0.02271508239209652
245180819,0.053958215,0.026979107409715652
245123333,0.01426537,0.00713268481194973
245178624,0.0010729486,0.0005364742828533053
245237394,0.21153648,0.10576824098825455
244954035,0.063708805,0.031854402273893356
244973486,0.012129736,0.006064868066459894
245115131,0.16357931,0.08178965747356415
245114847,0.083787106,0.041893552988767624
245256148,0.017569663,0.008784831501543522
245177228,0.16894475,0.08447237312793732
245123335,0.042732075,0.02136603742837906
245113092,0.055310454,0.02765522710978985
244992620,0.007831272,0.003915635868906975
245066309,0.0052313227,0.002615661360323429
245047832,0.04889547,0.024447735399007797
245066685,0.004064015,0.0020320075564086437
245075009,0.0052011185,0.002600559266284108
125388949,0.031838007,0.015919003635644913
245043563,0.018778156,0.009389078244566917
244973717,0.02811667,0.01405833475291729
245010579,0.026326472,0.01316323596984148
241373224,0.08382622,0.04191311076283455
245051416,0.08298119,0.041490595787763596
236247410,0.0116248,0.00581240002065897
244935669,0.02528569,0.012642844580113888
245097642,0.11306681,0.05653340369462967
245092727,0.0139838355,0.006991917733103037
245091697,0.02881615,0.014408075250685215
245141266,0.10138645,0.05069322511553764
123437967,0.12701748,0.06350874155759811
245146741,0.14924942,0.07462470978498459
245120838,0.23261589,0.11630794405937195
245037996,0.19896242,0.09948121011257172
245094053,0.061432164,0.030716082081198692
245133847,0.043168243,0.021584121510386467
245074136,0.044434704,0.02221735194325447
245136238,0.01350074,0.006750369910150766
244950003,0.023545653,0.011772826313972473
245135338,0.25801384,0.12900692224502563
232487774,0.028120961,0.014060480520129204
244738945,0.11220239,0.05610119551420212
245134522,0.22703277,0.11351638287305832
245041517,0.08422631,0.042113155126571655
245274105,0.12097495,0.060487475246191025
245100492,0.041037403,0.020518701523542404
245097030,0.008124286,0.00406214315444231
245095602,0.03145983,0.015729915350675583
243359684,0.26189855,0.13094927370548248
245254782,0.022227563,0.011113781481981277
245245110,0.09877987,0.04938993602991104
245133666,0.007677106,0.0038385530933737755
242526305,0.09971114,0.04985557124018669
245187093,0.038210873,0.01910543628036976
245160188,0.033527438,0.0167637187987566
245207622,0.052498676,0.026249337941408157
245145042,0.37174872,0.1858743578195572
244986095,0.07167268,0.03583633899688721
245087317,0.032119446,0.016059722751379013
232320128,0.006282759,0.003141379449516535
245250893,0.303255,0.15162749588489532
245113083,0.069252595,0.034626297652721405
245192712,0.01548169,0.00774084497243166
244929932,0.034500845,0.0172504223883152
241829949,0.030243475,0.015121737495064735
244932780,0.058251638,0.029125818982720375
245130864,0.078503855,0.03925192728638649
245177015,0.016558519,0.008279259316623211
245201938,0.0017244319,0.0008622159366495907
245021537,0.17251314,0.08625657111406326
245180439,0.09170704,0.045853521674871445
245011479,0.14709115,0.07354557514190674
244975112,0.29229203,0.1461460143327713
244954480,0.031332105,0.01566605269908905
245200991,0.028542161,0.014271080493927002
245047453,0.17648129,0.08824064582586288
245179923,0.030467814,0.015233906917273998
245212860,0.15512434,0.07756216824054718
245119223,0.069849476,0.034924738109111786
244982432,0.111531295,0.05576564744114876
239470277,0.18730909,0.09365454316139221
245120392,0.048188634,0.024094317108392715
245201215,0.010954497,0.005477248691022396
242291086,0.29027522,0.14513760805130005
244931028,0.102040924,0.051020462065935135
245254600,0.021315044,0.010657521896064281
245247588,0.033060472,0.0165302362293005
245164574,0.025886878,0.012943439185619354
245030976,0.03116632,0.0155831603333354
245171422,0.1659593,0.08297964930534363
245061023,0.09870045,0.04935022443532944
230985504,0.25676173,0.12838086485862732
245237149,0.03380161,0.0169008057564497
244973376,0.08582906,0.04291452839970589
245003621,0.086932935,0.043466467410326004
245155432,0.009348579,0.004674289375543594
245198272,0.17951563,0.08975781500339508
245175315,0.0046010297,0.002300514839589596
245140727,0.061809856,0.030904928222298622
245016196,0.065669335,0.03283466771245003
245154295,0.064109735,0.03205486759543419
245030673,0.14054255,0.07027127593755722
245190675,0.012855069,0.006427534390240908
245047378,0.33389285,0.1669464260339737
245181937,0.031477153,0.015738576650619507
245155926,0.011503799,0.005751899443566799
245114158,0.002905794,0.0014528969768434763
244964597,0.059239388,0.029619693756103516
245091347,0.06026848,0.03013424016535282
245014942,0.08170016,0.04085008054971695
245144110,0.055529654,0.027764827013015747
245032961,0.1628889,0.08144444972276688
245129318,0.11820712,0.05910355970263481
245090520,0.10900555,0.05450277402997017
245205368,0.110895626,0.055447813123464584
245095895,0.15917432,0.07958716154098511
245129179,0.22613488,0.11306744068861008
245164523,0.054942276,0.027471138164401054
245166767,0.15166506,0.07583253085613251
245084444,0.044078678,0.022039338946342468
245009137,0.04432054,0.02216026932001114
245119636,0.058636848,0.029318423941731453
245150929,0.15337275,0.07668637484312057
245140756,0.0158039,0.007901949808001518
245073758,0.09995334,0.04997666925191879
245022765,0.035447687,0.017723843455314636
245216367,0.08338722,0.041693609207868576
245246002,0.10246597,0.05123298615217209
245103431,0.082259074,0.04112953692674637
245065393,0.25324976,0.12662488222122192
245107744,0.023619773,0.011809886433184147
245128678,0.2638677,0.13193385303020477
245139808,0.031989757,0.015994878485798836
245159934,0.19558212,0.09779106080532074
126237468,0.086517885,0.043258942663669586
245169738,0.11453185,0.05726592615246773
245086408,0.07449788,0.03724893927574158
245127990,0.20898458,0.10449229180812836
245128985,0.11713058,0.05856528878211975
245261109,0.007819469,0.003909734543412924
245124901,0.005137393,0.002568696392700076
245041436,0.04868979,0.024344895035028458
245241474,0.012473337,0.006236668676137924
245100351,0.017555619,0.008777809329330921
244963500,0.14613242,0.07306621223688126
245109070,0.011269229,0.005634614732116461
245012655,0.019025423,0.009512711316347122
245123511,0.033866502,0.016933251172304153
245147704,0.019674972,0.00983748584985733
245055346,0.12070576,0.060352880507707596
245141320,0.12195017,0.0609750859439373
245205872,0.058018193,0.029009096324443817
245085976,0.010571675,0.005285837687551975
245014647,0.018651318,0.009325658902525902
245016283,0.034555875,0.01727793738245964
232300072,0.05109107,0.02554553560912609
245121971,0.01811074,0.009055370464920998
240362379,0.010449938,0.005224968772381544
245274386,0.0033567667,0.00167838332708925
245080519,0.2565964,0.12829819321632385
245122310,0.0075382283,0.0037691141478717327
245046356,0.0005128515,0.0002564257592894137
245146502,0.17430376,0.08715187758207321
245081248,0.018812906,0.009406452998518944
245188321,0.07387438,0.03693718835711479
245091541,0.018580545,0.009290272369980812
245031467,0.014471562,0.0072357808239758015
241918818,0.052296057,0.026148028671741486
245023117,0.09844695,0.04922347515821457
244964754,0.08658429,0.04329214617609978
244629031,0.02705896,0.013529480434954166
245170527,0.18683295,0.0934164747595787
245146410,0.029075157,0.014537578448653221
245101670,0.2257577,0.11287885159254074
245162341,0.08230608,0.041153039783239365
245155877,0.03994526,0.019972629845142365
245103477,0.091002,0.04550100117921829
245002239,0.09745151,0.04872575402259827
240552346,0.029852994,0.014926496893167496
245124865,0.008246313,0.004123156424611807
245135377,0.030353775,0.01517688762396574
244456147,0.14979897,0.07489948719739914
245120551,0.16172008,0.08086004108190536
245074237,0.10981642,0.054908208549022675
245172865,0.08333543,0.04166771471500397
245256472,0.103042275,0.05152113735675812
245229412,0.021161059,0.01058052945882082
245230474,0.15652244,0.07826121896505356
245138191,0.06279864,0.03139932081103325
245230784,0.18031317,0.09015658497810364
245202936,0.17948782,0.08974391222000122
245150314,0.12237712,0.06118855997920036
244256659,0.009205699,0.00460284948348999
245181440,0.047060244,0.02353012189269066
245206433,0.044957276,0.022478638216853142
245084894,0.02766465,0.013832325115799904
245043725,0.07397371,0.036986853927373886
245036779,0.037378334,0.018689166754484177
245192475,0.02847624,0.014238120056688786
241793656,0.17175733,0.08587866276502609
245187557,0.05888421,0.029442105442285538
245196076,0.036928844,0.01846442185342312
245043777,0.028071847,0.014035923406481743
245030670,0.08641595,0.04320797324180603
245251418,0.0049503506,0.0024751753080636263
245093581,0.023161745,0.011580872349441051
245118097,0.14323077,0.07161538302898407
242843929,0.15116344,0.07558172196149826
244973687,0.025931051,0.01296552550047636
245107141,0.027429648,0.013714823871850967
245135352,0.1054834,0.052741698920726776
245173189,0.022065109,0.01103255432099104
245118395,0.018839533,0.009419766254723072
245150279,0.20956792,0.10478395968675613
245171646,0.09675085,0.04837542399764061
245074848,0.13730423,0.06865211576223373
245120903,0.0497556,0.024877799674868584
245095956,0.0031815567,0.0015907783526927233
245041946,0.16273241,0.08136620372533798
245241027,0.0329794,0.016489699482917786
231316963,0.18205637,0.09102818369865417
245146885,0.021867152,0.01093357615172863
244988097,0.016956575,0.008478287607431412
245200959,0.01797183,0.008985915221273899
245179623,0.015688024,0.00784401223063469
245129619,0.00686539,0.0034326950553804636
245060592,0.009905604,0.0049528018571436405
245202667,0.019072106,0.00953605305403471
245150868,0.1328094,0.06640470027923584
245134472,0.19966048,0.09983024001121521
244987619,0.041592784,0.020796392112970352
245091691,0.10556289,0.052781444042921066
245121012,0.035079204,0.017539601773023605
244964786,0.00885619,0.004428095184266567
245069561,0.03036459,0.015182294882833958
245090795,0.028559487,0.014279743656516075
242701989,0.04027699,0.020138494670391083
245202601,0.011840856,0.005920427851378918
245002975,0.14543815,0.07271907478570938
245150348,0.07759681,0.03879840672016144
245051869,0.015132022,0.007566011045128107
123184668,0.23032467,0.11516233533620834
244942102,0.077097505,0.038548752665519714
245226459,0.09274833,0.04637416452169418
245259886,0.094568364,0.04728418216109276
245156342,0.31942427,0.15971213579177856
245134802,0.16254288,0.08127143979072571
245050367,0.031771816,0.015885908156633377
245010527,0.060793992,0.030396996065974236
245181278,0.06415236,0.03207617998123169
245219596,0.0010145217,0.0005072608473710716
245198971,0.042924296,0.021462148055434227
245199044,0.03619568,0.01809784024953842
242188546,0.023238769,0.01161938440054655
245103244,0.01987337,0.009936684742569923
245226345,0.016919237,0.00845961831510067
245172585,0.051024716,0.02551235817372799
245192684,0.0006729599,0.00033647994860075414
245151105,0.078774296,0.03938714787364006
124985082,0.35877356,0.17938677966594696
245196921,0.05855461,0.02927730418741703
236256324,0.16129377,0.08064688742160797
245087156,0.009066191,0.00453309528529644
245248745,0.0056750774,0.002837538719177246
244948305,0.19768623,0.09884311258792877
234569735,0.015877636,0.007938818074762821
122181336,0.16640976,0.08320488035678864
245073537,0.027731467,0.01386573351919651
245166647,0.08277831,0.04138915613293648
245166668,0.06695264,0.033476319164037704
221400030,0.18889214,0.09444607049226761
245205410,0.15392503,0.07696251571178436
245140866,0.029603083,0.014801541343331337
245080503,0.029277539,0.014638769440352917
245120372,0.09730551,0.04865275323390961
230765516,0.012406374,0.0062031871639192104
245073261,0.077796884,0.038898441940546036
245113392,0.12868741,0.06434370577335358
245014871,0.014503238,0.007251618895679712
245098206,0.04169418,0.02084708958864212
245081525,0.01094561,0.005472804885357618
245089635,0.0071254014,0.003562700701877475
245152535,0.02777625,0.01388812530785799
244985227,0.07254179,0.03627089411020279
244986043,0.12305439,0.06152719631791115
244149863,0.022985535,0.011492767371237278
245100816,0.04174342,0.020871710032224655
245211165,0.14624028,0.07312013953924179
245133657,0.027891496,0.0139457480981946
245250765,0.07033545,0.03516772389411926
241584254,0.05919392,0.029596960172057152
245113597,0.055124417,0.027562208473682404
244952880,0.019803643,0.009901821613311768
245055561,0.008661037,0.004330518655478954
245187809,0.0123574175,0.0061787087470293045
245171170,0.05137477,0.025687385350465775
245090400,0.0021274954,0.0010637476807460189
245006306,0.026679654,0.013339826837182045
245118383,0.069978744,0.0349893718957901
245047872,0.011986338,0.00599316880106926
245089503,0.008146102,0.004073050804436207
245089708,0.029160604,0.014580301940441132
245057597,0.013850537,0.006925268564373255
244998849,0.12023829,0.0601191446185112
234923118,0.022169312,0.011084656231105328
245247459,0.016404402,0.008202200755476952
245130042,0.019070603,0.009535301476716995
245139485,0.033705737,0.01685286872088909
244334408,0.16361979,0.0818098932504654
242488466,0.15999654,0.07999826967716217
245156010,0.069906846,0.03495342284440994
245197190,0.0056323665,0.0028161832597106695
245119174,0.08244891,0.04122445359826088
244963250,0.12262709,0.06131354346871376
244993302,0.083708376,0.04185418784618378
245061210,0.05213248,0.026066239923238754
242806835,0.1887075,0.09435375034809113
245156612,0.030045254,0.01502262707799673
245074708,0.03987999,0.01993999443948269
129477105,0.026688794,0.013344396837055683
245060640,0.054097783,0.02704889141023159
245136733,0.004340455,0.0021702274680137634
245216837,0.022548256,0.011274128220975399
122558527,0.268735,0.13436749577522278
245190111,0.13727887,0.06863943487405777
245150741,0.11522062,0.05761031061410904
245003436,0.12013574,0.06006786972284317
244954629,0.091030285,0.045515142381191254
245170080,0.018672464,0.009336232207715511
245032943,0.029055754,0.014527876861393452
245190894,0.016532037,0.008266018703579903
238621378,0.20928094,0.10464046895503998
245194874,0.012548754,0.00627437699586153
244565048,0.13338532,0.06669265776872635
245277883,0.055067148,0.027533574029803276
244967661,0.2125654,0.10628270357847214
245113526,0.0016638506,0.0008319253101944923
245255599,0.08135542,0.04067771136760712
245052904,0.038779747,0.01938987337052822
245162135,0.025991088,0.012995543889701366
242301971,0.0041791354,0.0020895677153021097
245093341,0.16583367,0.08291683346033096
244941091,0.15441625,0.07720812410116196
245134600,0.12405419,0.06202709674835205
244952906,0.11618589,0.05809294432401657
245116376,0.014400861,0.007200430613011122
245087223,0.20890428,0.10445214062929153
245113460,0.009103382,0.004551691003143787
241462525,0.096391805,0.04819590225815773
245096473,0.0041262954,0.002063147723674774
245107285,0.0025353623,0.0012676811311393976
244922410,0.058421325,0.029210662469267845
245150592,0.11106346,0.05553172901272774
245064598,0.044485256,0.022242628037929535
244960493,0.010140075,0.005070037674158812
244940560,0.047177304,0.023588651791214943
245095913,0.26361248,0.13180623948574066
245119710,0.0054163164,0.0027081582229584455
245122249,0.15195256,0.07597628235816956
240101779,0.020435479,0.010217739269137383
244797505,0.030902468,0.015451233834028244
244955263,0.04019412,0.02009706012904644
244965314,0.08232317,0.041161585599184036
244961453,0.033475082,0.016737541183829308
245246877,0.030468164,0.015234082005918026
245145274,0.1789774,0.08948870003223419
245151791,0.1193733,0.05968664959073067
125237367,0.03344969,0.01672484539449215
245196918,0.02708457,0.013542285189032555
245091927,0.10793377,0.053966883569955826
245085940,0.12024433,0.06012216582894325
245046454,0.007827416,0.003913708031177521
245155518,0.0051293466,0.002564673312008381
245062316,0.050737746,0.02536887302994728
243052588,0.061060794,0.030530396848917007
244953979,0.32036704,0.16018351912498474
244622038,0.117115416,0.05855770781636238
245177051,0.044839785,0.022419892251491547
245101449,0.057894416,0.02894720807671547
245098090,0.046344347,0.023172173649072647
245170710,0.18396188,0.091980941593647
241658019,0.22956306,0.11478152871131897
244936678,0.13082114,0.0654105693101883
245205124,0.19657713,0.09828856587409973
244987714,0.023419132,0.011709566228091717
245255189,0.00994665,0.0049733249470591545
245180938,0.09120757,0.045603785663843155
245235335,0.04227629,0.0211381446570158
245022065,0.03350895,0.016754474490880966
245144422,0.08978703,0.04489351436495781
245146365,0.014285962,0.007142981048673391
245129317,0.05108413,0.025542065501213074
245033540,0.0358511,0.017925549298524857
245090277,0.002554737,0.0012773685157299042
245166762,0.1401584,0.07007919996976852
245089362,0.17044775,0.08522387593984604
245246377,0.05167365,0.025836825370788574
245079631,0.004057647,0.002028823597356677
245114465,0.090782024,0.045391011983156204
245202492,0.049454454,0.02472722716629505
245087423,0.07722623,0.03861311450600624
245252182,0.11779414,0.058897070586681366
245122410,0.005412865,0.002706432482227683
238233850,0.14102225,0.07051112502813339
245041899,0.02978433,0.01489216461777687
245037789,0.1512477,0.07562384754419327
245170498,0.14326502,0.0716325119137764
245021850,0.15300146,0.07650072872638702
245171114,0.1020638,0.05103189870715141
245118273,0.0061399513,0.003069975646212697
245021228,0.059045684,0.029522841796278954
244935360,0.24301642,0.12150821089744568
245247256,0.027708117,0.01385405845940113
230879656,0.3246651,0.16233254969120026
245046588,0.1409413,0.0704706534743309
122773960,0.15306263,0.0765313133597374
238279727,0.024488622,0.012244311161339283
245252169,0.035282984,0.017641492187976837
245267706,0.0046347133,0.0023173566441982985
240271624,0.22282763,0.11141381412744522
245190787,0.0010816668,0.000540833396371454
245251641,0.0790528,0.03952639922499657
245192889,0.009358056,0.004679027944803238
245117471,0.016455043,0.008227521553635597
245264325,0.04532988,0.022664939984679222
239031344,0.018193865,0.009096932597458363
245093075,0.042446688,0.021223343908786774
245070668,0.08468319,0.04234159365296364
244999226,0.027238138,0.013619069010019302
244984511,0.006768555,0.003384277457371354
245066388,0.05927071,0.02963535487651825
245224560,0.09553072,0.04776535928249359
245112963,0.011394234,0.0056971171870827675
245136184,0.2930671,0.1465335488319397
245136296,0.11869365,0.05934682488441467
245217109,0.00060977467,0.0003048873331863433
245139839,0.12073759,0.060368794947862625
245141794,0.14208212,0.0710410624742508
245118453,0.010162566,0.005081282928586006
245103651,0.15692581,0.07846290618181229
245165299,0.036378797,0.01818939857184887
245240017,0.113725826,0.05686291307210922
244987909,0.15506841,0.07753420621156693
245156732,0.000995294,0.0004976469790562987
245089960,0.00075450557,0.0003772527852561325
245121728,0.16467494,0.08233746886253357
245085137,0.1911976,0.09559880197048187
245074048,0.06630244,0.03315122053027153
245184490,0.112475835,0.05623791739344597
245084401,0.046521388,0.0232606939971447
245124821,0.09451469,0.04725734516978264
245086271,0.3321485,0.1660742461681366
245177193,0.07447039,0.03723519667983055
245007355,0.019838713,0.009919356554746628
245108003,0.020440537,0.010220268741250038
242196579,0.009394769,0.004697384312748909
245074086,0.026298907,0.013149453327059746
245085027,0.090268634,0.04513431712985039
232817673,0.0029799247,0.0014899623347446322
245270023,0.06449768,0.0322488397359848
245000430,0.14578521,0.07289260625839233
244944677,0.0050694584,0.0025347291957587004
245075354,0.039659075,0.019829537719488144
245176018,0.006455836,0.003227917943149805
245213755,0.03138543,0.015692714601755142
245098322,0.18026158,0.09013079106807709
245248463,0.33921123,0.16960561275482178
245156058,0.009824886,0.004912442993372679
245121180,0.015249567,0.007624783553183079
245199141,0.032720838,0.016360418871045113
245059313,0.052255943,0.026127971708774567
244978580,0.054853242,0.027426620945334435
244941406,0.0038339728,0.0019169864244759083
245201797,0.043870155,0.021935077384114265
245174854,0.04952772,0.024763859808444977
245123100,0.04897377,0.024486884474754333
245180089,0.010198941,0.005099470727145672
245070748,0.16722482,0.08361241221427917
244945818,0.1229839,0.0614919513463974
245084724,0.021323174,0.010661587119102478
245101605,0.0015051565,0.0007525782566517591
245187397,0.0024350097,0.0012175048468634486
245207750,0.006274872,0.003137435996904969
245091525,0.052371327,0.026185663416981697
242468404,0.14671949,0.07335974276065826
244672074,0.0017698591,0.0008849295554682612
245174597,0.14470738,0.07235369086265564
245246968,0.027074842,0.013537420891225338
245185367,0.02654575,0.013272874988615513
244953974,0.06286282,0.0314314104616642
245185960,0.007256465,0.003628232516348362
245133964,0.019263664,0.009631832130253315
245211320,0.15832639,0.07916319370269775
245180279,0.0048504174,0.0024252086877822876
245275151,0.05621503,0.02810751460492611
245096861,0.0698915,0.03494574874639511
245118882,0.10334955,0.051674775779247284
245161039,0.08025699,0.040128495544195175
245176806,0.04500982,0.022504910826683044
245096268,0.063330695,0.03166534751653671
245100745,0.259176,0.12958799302577972
245156067,0.008377145,0.004188572522252798
245012439,0.05759262,0.028796309605240822
245048395,0.071492694,0.03574634715914726
245100385,0.23154242,0.11577121168375015
245152377,0.13129856,0.06564927846193314
245160307,0.03297958,0.016489790752530098
245169673,0.0123426905,0.006171345245093107
239510958,0.05856415,0.02928207442164421
245150052,0.13305531,0.06652765721082687
245231599,0.0343798,0.01718989945948124
245074781,0.119455844,0.05972792208194733
245107217,0.03693049,0.01846524514257908
245106815,0.1211332,0.060566600412130356
245083457,0.10811065,0.05405532568693161
245048477,0.06864366,0.03432182967662811
245073348,0.06329337,0.03164668381214142
245140443,0.14855465,0.07427732646465302
245035593,0.31757045,0.15878522396087646
245219469,0.018786475,0.00939323753118515
245205740,0.011423163,0.0057115815579891205
245147681,0.039156277,0.01957813836634159
245074400,0.022573926,0.011286962777376175
245140224,0.04801169,0.024005845189094543
245121494,0.078821175,0.03941058740019798
244962788,0.002298415,0.0011492074700072408
245205218,0.012857888,0.006428943946957588
245170137,0.12373346,0.06186673045158386
245220483,0.01158507,0.005792534910142422
245148619,0.20939077,0.1046953871846199
232228141,0.010420531,0.005210265517234802
229966157,0.052879523,0.026439761742949486
245140334,0.119806476,0.05990323796868324
245093945,0.043458857,0.021729428321123123
245130013,0.016505884,0.008252942003309727
231855156,0.3809714,0.19048570096492767
245166127,1.4632849e-05,7.3164246714441106e-06
240384991,0.087799646,0.04389982298016548
245091243,0.16191521,0.08095760643482208
245128274,0.01643297,0.008216485381126404
245245339,0.015806118,0.007903059013187885
245078767,0.048046846,0.024023422971367836
245116930,0.047017206,0.023508602753281593
129161617,0.056528855,0.028264427557587624
244972286,0.007163321,0.0035816605668514967
245134970,0.31078556,0.15539278090000153
245037781,0.008918336,0.004459167830646038
245140585,0.029465681,0.014732840470969677
245102932,0.043938585,0.02196929231286049
235475168,0.07980475,0.039902374148368835
245063389,0.038328327,0.01916416361927986
245001310,0.17187172,0.08593586087226868
245269761,0.11292182,0.0564609095454216
245219223,0.08551763,0.04275881499052048
245236393,0.06387198,0.03193598985671997
245251766,0.015856132,0.007928065955638885
245165251,0.17840336,0.0892016813158989
245107593,0.040550385,0.020275192335247993
244968934,0.07000558,0.03500279039144516
245142086,0.010846826,0.005423413123935461
245063868,0.04881608,0.024408040568232536
245114523,0.024982393,0.012491196393966675
245184952,0.0729441,0.03647204861044884
245205287,0.019426536,0.009713267907500267
245235202,0.070201084,0.0351005420088768
245100523,0.097330704,0.048665352165699005
245191255,0.18614006,0.09307003021240234
245070807,0.056793045,0.028396522626280785
245051138,0.01614854,0.008074269630014896
233953832,0.10777487,0.05388743430376053
242442413,0.0408512,0.020425600931048393
245081153,0.20027205,0.10013602674007416
245085101,0.022804873,0.011402436532080173
245260480,0.007792332,0.003896166104823351
245120591,0.09809951,0.049049753695726395
245056384,0.0051156217,0.0025578108616173267
245170713,0.21414842,0.10707420855760574
245146183,0.040367942,0.020183971151709557
245226474,0.013614623,0.006807311438024044
245144600,0.0063864626,0.003193231299519539
245159960,0.014206657,0.007103328593075275
245213749,0.031390004,0.015695001929998398
245229389,0.05737287,0.028686435893177986
245097154,0.027219608,0.013609804213047028
244967871,0.044449322,0.022224660962820053
245186480,0.0069181556,0.0034590777941048145
245080023,0.043634903,0.02181745134294033
245043520,0.02836017,0.014180084690451622
245057166,0.034329962,0.017164980992674828
245173085,0.020243505,0.010121752507984638
245169410,0.063474126,0.0317370630800724
245242085,0.065137595,0.0325687974691391
245080312,0.015438643,0.007719321642071009
245133532,0.06431203,0.03215601667761803
245187810,0.12807788,0.06403893977403641
245152191,0.05380525,0.02690262533724308
245159806,0.028837455,0.014418727718293667
245252532,0.16469176,0.0823458805680275
245174838,0.02333373,0.011666865088045597
245040835,0.13516104,0.06758052110671997
245084090,0.11117098,0.05558548867702484
245181738,0.025108842,0.012554421089589596
244965040,0.073367216,0.03668360784649849
245060567,0.09037905,0.04518952593207359
244964866,0.031065749,0.015532874502241611
245248001,0.029623171,0.014811585657298565
245147039,0.025396498,0.012698248960077763
245087440,0.0020747958,0.001037397887557745
245179804,0.18641455,0.09320727735757828
234625315,0.1401731,0.07008655369281769
244982051,0.120403744,0.060201872140169144
245016686,0.0020607235,0.001030361745506525
245078565,0.074624486,0.03731224313378334
238256517,0.2930186,0.1465093046426773
125203157,0.124915645,0.062457822263240814
245122625,0.008404942,0.004202471114695072
245138635,0.23388937,0.11694468557834625
245146753,0.0038026406,0.0019013202982023358
245107646,0.06927138,0.03463568910956383
245224891,0.097988926,0.04899446293711662
245220239,0.14231965,0.07115982472896576
245086741,0.014916576,0.007458288222551346
245145984,0.13824439,0.06912219524383545
245028109,0.063228704,0.03161435201764107
244984666,0.004910494,0.002455247100442648
245241740,0.1148158,0.05740790069103241
243360854,0.26587263,0.13293631374835968
245062205,0.055511273,0.02775563672184944
245212307,0.037075818,0.018537908792495728
245181756,0.058601692,0.02930084615945816
245100424,0.106421605,0.053210802376270294
245037321,0.16929896,0.0846494808793068
245152181,0.050621916,0.025310957804322243
245096689,0.048288092,0.024144046008586884
244960543,0.06886731,0.03443365544080734
245102058,0.13051869,0.06525934487581253
245055109,0.0730417,0.03652084991335869
245031795,0.09948668,0.04974333941936493
245202234,0.23266472,0.11633235961198807
245074281,0.068284385,0.03414219245314598
244957715,0.20051083,0.10025541484355927
245136246,0.16834882,0.08417440950870514
244968407,0.008841119,0.004420559387654066
245038356,0.00426507,0.0021325349807739258
245139130,0.024412764,0.012206382118165493
245150214,0.09073364,0.04536681994795799
245043129,0.011160762,0.005580381024628878
125521028,0.025089094,0.012544547207653522
245112571,3.7407508e-15,1.8703753789631097e-15
245000799,0.25380957,0.12690478563308716
245123847,0.2247705,0.11238525062799454
244944520,0.06663854,0.03331926837563515
241553650,0.0646518,0.032325901091098785
245206971,0.11279576,0.05639788135886192
245181480,0.09458169,0.04729084670543671
245091511,0.16007742,0.08003871142864227
245252280,0.15698402,0.07849200814962387
245042256,0.15620285,0.07810142636299133
245087239,0.23907876,0.11953938007354736
245127156,0.04714371,0.023571854457259178
245167001,0.05897751,0.029488755390048027
238425165,0.15442662,0.07721330970525742
245036486,0.014194434,0.007097216788679361
245127307,0.068463,0.03423149883747101
238720469,0.1394258,0.06971289962530136
245108449,0.01264926,0.006324630230665207
245116564,0.11708879,0.05854439362883568
245147147,0.39420387,0.19710193574428558
245135068,0.029856797,0.01492839865386486
245090787,0.06927748,0.03463874012231827
245028455,0.085172676,0.04258633777499199
245205790,0.073104054,0.036552026867866516
245190737,0.2502889,0.12514445185661316
245196790,0.016414069,0.008207034319639206
245205747,0.039742563,0.01987128145992756
244978941,0.008753085,0.004376542288810015
245037592,0.010333779,0.005166889633983374
245152473,0.017950367,0.008975183591246605
244959495,0.23970875,0.11985437572002411
245136104,0.19872543,0.09936271607875824
244949631,0.034284245,0.017142122611403465
245108719,0.070320964,0.03516048192977905
245035555,0.026923986,0.01346199307590723
245205873,0.13467292,0.06733646243810654
245170988,0.033115577,0.016557788476347923
245085229,0.011664181,0.005832090508192778
244980762,0.04006796,0.020033979788422585
245102374,0.09827207,0.04913603514432907
245103573,0.04226743,0.02113371528685093
245089077,0.017852081,0.00892604049295187
245207849,0.0043961187,0.002198059344664216
245151275,0.18075684,0.09037841856479645
245201275,0.11126849,0.05563424527645111
245050180,0.106734775,0.053367387503385544
245201579,0.04642052,0.023210259154438972
230276302,0.1988767,0.09943834692239761
245196193,0.04836504,0.024182520806789398
245114154,0.13474971,0.06737485527992249
241794266,0.13183483,0.06591741740703583
245171499,0.030568615,0.015284307301044464
245205853,0.09093019,0.045465096831321716
245027772,0.018766386,0.009383193217217922
245186493,0.038005747,0.019002873450517654
242971061,0.13997997,0.06998998671770096
245162284,0.19127117,0.09563558548688889
245203249,0.07870334,0.03935166820883751
245075748,0.014718405,0.0073592024855315685
245140220,0.034212735,0.017106367275118828
245262908,0.07616705,0.0380835235118866
245196172,0.09769062,0.048845309764146805
122883674,0.04214136,0.021070679649710655
245259279,0.0046411585,0.0023205792531371117
245156232,0.13495262,0.0674763098359108
245129336,0.009969432,0.004984715953469276
241891531,0.12503563,0.06251781433820724
245151535,0.004863649,0.0024318245705217123
245067578,0.041785505,0.020892752334475517
245201090,0.12925261,0.0646263062953949
245211814,0.042334206,0.021167103201150894
128601644,0.042346314,0.021173156797885895
245140829,0.016215509,0.008107754401862621
245169755,0.043381836,0.021690918132662773
245169047,0.11213403,0.05606701597571373
241411185,0.15414806,0.07707402855157852
245075803,0.07721937,0.03860968351364136
245121376,0.037937555,0.018968777731060982
245125053,0.005601892,0.0028009458910673857
242922263,0.086237125,0.043118562549352646
245017841,0.06641612,0.03320806100964546
126081686,0.3362664,0.1681331992149353
245140094,0.17421001,0.08710500597953796
245092129,0.044264134,0.022132067009806633
245067304,0.032902874,0.016451437026262283
245129244,0.015007732,0.007503866218030453
123172385,0.29487243,0.1474362164735794
245060833,0.11492024,0.05746012181043625
245196496,0.002049955,0.0010249775368720293
245226193,0.07379912,0.03689955919981003
245106823,0.041576724,0.020788362249732018
245091726,0.18761835,0.09380917251110077
245142043,0.020517,0.010258500464260578
245065075,0.038889796,0.019444897770881653
245128153,0.10054442,0.05027221143245697
245033331,0.023296827,0.011648413725197315
245194959,0.017433539,0.008716769516468048
244762809,0.3405294,0.17026470601558685
245252764,0.05865147,0.029325734823942184
245207890,0.092717744,0.046358872205019
245211823,0.025659658,0.012829829007387161
245234641,0.009155809,0.004577904473990202
233243321,0.067698844,0.03384942188858986
243030975,0.15694425,0.07847212255001068
245093276,0.018998252,0.009499126113951206
244964674,0.16135746,0.08067873120307922
245101926,0.01735077,0.008675385266542435
245106722,0.086335115,0.04316755756735802
245240363,0.016072404,0.008036201819777489
245185675,0.077857085,0.03892854228615761
245021713,0.016565835,0.0082829175516963
245198458,0.07886377,0.03943188488483429
245185835,0.13764043,0.06882021576166153
245052320,0.016303815,0.008151907473802567
244940102,0.11695751,0.05847875401377678
245086374,0.011110565,0.005555282346904278
245118006,0.038512453,0.01925622671842575
245124335,0.07651083,0.038255415856838226
245090685,0.020289032,0.01014451589435339
245042580,0.020879323,0.010439661331474781
244985666,0.0024155797,0.001207789871841669
245219383,0.06906164,0.034530818462371826
244983010,0.19009192,0.09504596143960953
245174884,0.074846484,0.03742324188351631
244993004,0.22891913,0.1144595667719841
244286331,0.019170959,0.009585479274392128
245002813,0.14360793,0.07180396467447281
244964621,0.009699285,0.004849642515182495
245190910,0.12663032,0.06331516057252884
245142238,0.18371065,0.09185532480478287
245175597,0.05457367,0.0272868350148201
244968548,0.008393175,0.004196587484329939
245059583,0.027347371,0.013673685491085052
245086472,0.04208045,0.02104022540152073
242594670,0.011367265,0.00568363256752491
244894953,0.14677437,0.07338718324899673
244988033,0.020885056,0.010442527942359447
245180277,0.19105555,0.0955277755856514
245170549,0.058094367,0.029047183692455292
245174611,0.0647792,0.032389599829912186
233968011,0.18907167,0.09453583508729935
245097023,0.015438824,0.007719411980360746
244967034,0.09317402,0.046587008982896805
245035564,0.12096166,0.06048082932829857
245144430,0.02491128,0.012455640360713005
245256078,0.24133153,0.1206657662987709
245176103,0.021727262,0.010863631032407284
245056755,0.05953571,0.029767854139208794
245155707,0.01247211,0.006236054934561253
244979023,0.05461712,0.02730856090784073
245202305,0.3225556,0.16127780079841614
245154486,0.027363015,0.013681507669389248
238465003,0.027247746,0.013623872771859169
245124796,0.025318148,0.012659073807299137
245207096,0.08277354,0.041386768221855164
245123647,0.004163203,0.0020816014148294926
242998488,0.08730296,0.043651480227708817
240880229,0.16240929,0.08120464533567429
245255547,0.092279226,0.046139612793922424
245152109,0.093560666,0.046780332922935486
235562614,0.046828214,0.02341410703957081
245202809,0.0061479174,0.0030739586800336838
245043801,0.10589543,0.05294771492481232
245040558,0.021603554,0.010801777243614197
245178893,0.004344275,0.0021721376106142998
245130673,0.011212061,0.0056060305796563625
245202932,0.032747656,0.016373828053474426
245036780,0.100305624,0.05015281215310097
128532209,0.06419155,0.0320957750082016
244909050,0.23384215,0.1169210746884346
245119476,0.29779345,0.148896723985672
245229080,0.020389015,0.0101945074275136
244954193,0.18085839,0.09042919427156448
125736637,0.19529177,0.09764588624238968
245122787,0.11461924,0.05730962008237839
245061426,0.18150166,0.09075082838535309
245091455,0.1581043,0.0790521502494812
245107110,0.0007242099,0.00036210493999533355
245112739,0.03576065,0.01788032427430153
235440469,0.008322505,0.00416125264018774
245107606,0.05811681,0.02905840426683426
245075618,0.075660706,0.037830352783203125
245199183,0.04123558,0.020617790520191193
245047166,0.08998898,0.04499448835849762
245211665,0.0481053,0.02405264973640442
245085350,0.056315724,0.028157861903309822
245202890,0.019319937,0.009659968316555023
245122170,0.009865462,0.004932730924338102
245212568,0.038978904,0.019489452242851257
244917891,0.108115844,0.05405792221426964
245192846,0.118740715,0.05937035754323006
237637272,0.025377208,0.012688604183495045
245030186,0.3341108,0.1670553982257843
245087527,0.00510386,0.0025519300252199173
245154603,0.022942992,0.01147149596363306
245040501,0.011131662,0.00556583097204566
245097521,0.0056319153,0.002815957646816969
245186294,0.016288048,0.008144023828208447
244956854,0.27877256,0.13938628137111664
245187396,0.0018251905,0.0009125952492468059
245226499,0.010204093,0.005102046299725771
244933794,0.04391902,0.021959509700536728
245128977,0.016457265,0.008228632621467113
241500563,0.02538711,0.0126935550943017
245117167,0.07449705,0.03724852576851845
242790065,0.100383654,0.05019182711839676
245152617,0.028807385,0.014403692446649075
245241848,0.005966445,0.002983222482725978
245093334,0.05020312,0.0251015592366457
245037735,0.109326065,0.0546630322933197
245196374,0.043456964,0.021728482097387314
126007443,0.3071292,0.15356460213661194
245140686,0.04767129,0.023835644125938416
245219180,0.16640097,0.08320048451423645
245096597,0.033418916,0.016709458082914352
245098177,0.23684327,0.11842163652181625
245044396,0.09821065,0.04910532385110855
244936722,0.35113597,0.17556798458099365
245101773,0.055057563,0.027528781443834305
245055627,0.115736485,0.057868242263793945
244999025,0.00655543,0.0032777150627225637
241808166,0.042710528,0.021355263888835907
235895677,0.032059256,0.01602962799370289
245085657,0.034397606,0.017198802903294563
245073705,0.022991082,0.011495540849864483
245138831,0.003172624,0.001586311962455511
245221012,0.05851869,0.029259344562888145
245130601,0.036839,0.018419500440359116
123852080,0.33511677,0.16755838692188263
245099705,0.04604253,0.023021265864372253
245203040,0.041483928,0.020741963759064674
245067471,0.0014316473,0.0007158236694522202
245187004,0.018218333,0.009109166450798512
237781221,0.29538697,0.1476934850215912
245202067,0.22327314,0.11163657158613205
245127441,0.006177725,0.0030888624023646116
245152331,0.031702805,0.015851402655243874
228615774,0.10632609,0.05316304415464401
245202214,0.03384875,0.016924375668168068
245230833,0.078392014,0.03919600695371628
245272968,0.117641486,0.05882074311375618
230044120,0.01563142,0.0078157102689147
245202457,0.010423458,0.0052117290906608105
245145579,0.029582644,0.014791321940720081
242180092,0.023771208,0.01188560388982296
245028247,0.15620355,0.07810177654027939
245120501,0.008702462,0.004351230803877115
245144803,0.010685704,0.005342851858586073
236045848,0.040707894,0.020353946834802628
245144949,0.15822253,0.0791112631559372
245123814,0.06059432,0.030297160148620605
245041630,0.049763694,0.024881847202777863
245141549,0.03203389,0.016016945242881775
245156599,0.11287042,0.05643520876765251
123005167,0.060378805,0.030189402401447296
245206266,0.04851701,0.024258505553007126
244991125,0.03754235,0.018771175295114517
245235743,0.10172968,0.05086484178900719
245044435,0.12537488,0.06268744170665741
245216758,0.045791116,0.022895557805895805
245141179,0.067434944,0.03371747210621834
245186678,0.010165026,0.005082513205707073
244972267,0.015890092,0.007945045828819275
245002178,0.003968858,0.0019844290800392628
245144615,0.119297504,0.059648752212524414
245180976,0.08539959,0.042699795216321945
244931198,0.16227953,0.08113976567983627
245138725,0.3203115,0.1601557433605194
245229179,4.4527415e-06,2.2263707251113374e-06
245112420,0.05875651,0.02937825582921505
245190028,0.006874985,0.0034374925307929516
245176277,0.005171689,0.0025858446024358273
244533694,0.025386326,0.012693163007497787
245229323,0.026158089,0.013079044409096241
239439734,0.03407248,0.01703624054789543
245181771,0.051650256,0.025825127959251404
244977383,0.03593906,0.017969530075788498
245170535,0.21709199,0.10854599624872208
238470359,0.08188343,0.040941715240478516
245116613,0.03680348,0.0184017401188612
245114180,0.02092788,0.010463939979672432
244989604,0.07841458,0.03920729085803032
245096767,0.08326578,0.041632890701293945
244964284,0.21373118,0.10686559230089188
245074816,0.002408936,0.0012044679606333375
245201581,0.16973212,0.08486606180667877
245206522,0.20670724,0.10335361957550049
245052255,0.03399764,0.01699882000684738
245085559,0.005353222,0.002676611067727208
245098542,0.05782256,0.028911279514431953
244957504,0.06909055,0.03454527631402016
245160769,0.09420516,0.04710258170962334
239394100,0.073627,0.03681350126862526
239652052,0.16459897,0.08229948580265045
122369165,0.14182724,0.07091362029314041
245145500,0.022157298,0.011078649200499058
245219861,0.0011151057,0.0005575528484769166
245150192,0.15307596,0.07653798162937164
244985872,0.0084178,0.004208900034427643
244930667,0.34902385,0.17451192438602448
245196978,0.15304998,0.07652498781681061
245118667,0.050718952,0.02535947598516941
245226061,0.024826623,0.012413311749696732
129236840,0.06453257,0.0322662852704525
245260675,0.08347497,0.04173748567700386
245133607,0.013350003,0.006675001699477434
245127731,0.14310366,0.07155182957649231
245050553,0.13678491,0.06839245557785034
245139897,0.030172167,0.015086083672940731
245144639,0.15948065,0.07974032312631607
238585319,0.13707833,0.06853916496038437
122810275,0.11012988,0.055064938962459564
245144562,0.0071565555,0.0035782777704298496
244972216,0.026675625,0.013337812386453152
245022720,0.04341824,0.021709119901061058
245044356,0.089761145,0.04488057270646095
245013968,0.03790377,0.018951885402202606
245230699,0.11354342,0.05677171051502228
245150553,0.05218756,0.026093779131770134
245171692,0.029382708,0.014691353775560856
245135166,0.2120386,0.10601930320262909
245157299,0.09201931,0.04600965604186058
245062199,0.024008846,0.012004422955214977
245126833,0.05307752,0.026538759469985962
238872295,0.09920509,0.04960254579782486
245065895,0.3011594,0.15057970583438873
121953360,0.38840014,0.1942000687122345
244989646,0.089926004,0.04496300220489502
245145232,0.10788278,0.05394139140844345
122486436,0.16134234,0.08067116886377335
245187622,0.117975175,0.058987587690353394
245208479,0.037046023,0.01852301135659218
245001425,0.11558123,0.057790614664554596
245165079,0.08545336,0.042726680636405945
245165370,0.1878222,0.09391109645366669
245118260,0.003763021,0.0018815104849636555
242246793,0.058248784,0.029124392196536064
245070148,0.007311127,0.003655563574284315
231047809,0.09743973,0.0487198643386364
245261406,0.049708672,0.02485433593392372
241220162,0.08914873,0.04457436501979828
245269215,0.012473349,0.006236674729734659
245035346,0.11660389,0.05830194428563118
245108951,0.028856637,0.014428318478167057
245063581,0.021493314,0.01074665691703558
245038005,0.22655371,0.11327685415744781
245096683,0.13934879,0.06967439502477646
245201829,0.012568889,0.006284444592893124
245097228,0.013050052,0.006525026168674231
245087253,0.0352914,0.01764569990336895
245222270,0.044927325,0.022463662549853325
244985764,0.06297231,0.0314861536026001
245167363,0.0020959557,0.0010479778284206986
245086279,0.24322891,0.12161445617675781
245021824,0.19074638,0.09537319093942642
244947722,0.08477604,0.04238801822066307
244988205,0.03862668,0.01931333914399147
244987431,0.013978932,0.006989466026425362
245171707,0.017458992,0.008729496039450169
245181475,0.12519896,0.06259948015213013
245176479,0.067344114,0.03367205709218979
245174637,9.605047e-05,4.802523471880704e-05
245154366,0.014534643,0.007267321459949017
244977675,0.15287343,0.07643671333789825
245066035,0.20997141,0.10498570650815964
245052495,0.22735524,0.11367762088775635
245161235,0.40189072,0.20094536244869232
245117013,0.07181129,0.03590564429759979
245185113,0.014127228,0.007063614204525948
245092091,0.064708315,0.03235415741801262
244954960,0.016314609,0.008157304488122463
244982113,0.022275882,0.011137940920889378
245045668,0.017207155,0.008603577502071857
245127689,0.07358909,0.03679454326629639
245160871,0.04628248,0.02314124070107937
244989621,0.120754704,0.06037735193967819
244945447,0.052337002,0.026168501004576683
239067290,0.22393145,0.11196572333574295
245010243,0.011269612,0.005634806118905544
245100136,0.077251986,0.038625992834568024
244981928,0.0050491616,0.002524580806493759
245177600,0.11536388,0.057681940495967865
244948376,0.041514203,0.020757101476192474
128056006,0.04761553,0.023807765915989876
245174423,0.2533259,0.1266629546880722
245236878,0.04545713,0.022728564217686653
245127936,0.18379186,0.0918959304690361
241427297,0.0012201593,0.0006100796745158732
245192990,0.034504693,0.017252346500754356
245087299,0.008064616,0.004032307770103216
245252260,0.045721766,0.022860882803797722
245089141,0.02822569,0.014112845063209534
245096727,0.06943252,0.03471625968813896
245021376,0.1146847,0.057342350482940674
244988818,0.13498108,0.06749054044485092
245146287,0.017255628,0.00862781424075365
245044399,0.053948842,0.026974420994520187
245043700,0.005475908,0.0027379540260881186
125857499,0.19635674,0.09817837178707123
245229149,0.12850457,0.06425228714942932
244989200,0.16170801,0.08085400611162186
245125108,0.11225094,0.056125469505786896
245216787,0.0121540725,0.006077036261558533
239601948,0.02217211,0.0110860550776124
245124778,0.13547881,0.06773940473794937
245054898,0.07152518,0.035762589424848557
245084788,0.15065572,0.07532785832881927
245252609,0.28479987,0.14239993691444397
245091295,0.05910862,0.02955430932343006
244984840,0.07657214,0.03828607127070427
245246381,0.07356657,0.036783285439014435
244988909,0.07332476,0.03666238114237785
245191124,0.09833564,0.04916781932115555
245152512,0.051636428,0.02581821382045746
245047913,0.088164456,0.04408222809433937
245196515,0.045683105,0.022841552272439003
245114650,0.051732298,0.025866148993372917
245207131,0.027558511,0.01377925556153059
245061014,0.14288016,0.07144007831811905
245206144,0.01878723,0.00939361471682787
245070813,0.015458725,0.0077293626964092255
245091226,0.0550114,0.027505699545145035
245212741,0.054834355,0.027417177334427834
245113474,0.1657763,0.0828881487250328
245216857,0.062199835,0.031099917367100716
245086101,0.0025163624,0.0012581811752170324
242108587,0.22809319,0.1140465959906578
245098358,0.0017428062,0.0008714030846022069
245100354,0.0060729524,0.003036476206034422
245075032,0.04609228,0.023046139627695084
244514993,0.0020168677,0.0010084338719025254
245122658,0.1058836,0.05294179916381836
245241237,0.014716177,0.007358088623732328
245033187,0.024494171,0.012247085571289062
245036088,0.124698594,0.06234929710626602
245127138,0.029535396,0.014767698012292385
245230977,0.045464654,0.0227323267608881
125637261,0.02786789,0.013933945447206497
244966244,0.098392606,0.04919630289077759
245191889,0.058683388,0.029341693967580795
230510806,0.0360282,0.018014099448919296
245135734,0.07328063,0.036640316247940063
244945959,0.013004348,0.006502173840999603
245180993,0.01320258,0.006601289846003056
232579258,0.120047964,0.06002398207783699
244967967,0.021096354,0.010548177175223827
245003204,0.09081922,0.045409608632326126
245145242,0.096903846,0.048451922833919525
245064965,0.019526523,0.009763261303305626
245037672,0.07673343,0.03836671635508537
245184928,0.013467408,0.006733703892678022
245161299,0.02151314,0.010756569914519787
245252211,0.08951851,0.04475925490260124
245099000,0.22527073,0.11263536661863327
244956347,0.007021404,0.003510701935738325
245248101,0.101875275,0.05093763768672943
245117359,0.12941898,0.06470949202775955
245118798,0.087474406,0.043737202882766724
240674542,0.14418904,0.07209452241659164
243411946,0.19631164,0.09815581887960434
245176449,0.12683508,0.06341753900051117
245095918,0.043251455,0.02162572741508484
244997072,0.007143351,0.003571675391867757
123305025,0.055523843,0.027761921286582947
245113645,0.03637756,0.018188780173659325
245100430,0.11326708,0.056633539497852325
245122419,0.1364637,0.06823185086250305
245181416,0.019577656,0.00978882797062397
244960559,0.11272989,0.05636494606733322
245140943,0.0031604595,0.001580229727551341
245118023,0.1352459,0.06762295216321945
123076985,0.22851627,0.11425813287496567
245146408,0.106190786,0.053095392882823944
245259113,0.03943097,0.019715484231710434
245111803,0.03795665,0.01897832565009594
245113114,0.0038245998,0.0019122998928651214
245167141,0.12664299,0.06332149356603622
128668065,0.18064387,0.09032193571329117
245147024,0.006211757,0.003105878597125411
245170509,0.009061633,0.004530816338956356
245109906,0.007852226,0.003926112782210112
245213911,0.29303953,0.1465197652578354
245098061,0.086328104,0.043164052069187164
245167380,0.009306975,0.004653487354516983
245172178,0.08592451,0.04296225681900978
245076253,0.0021075327,0.0010537663474678993
245070671,0.06515924,0.03257961943745613
239474933,0.08917508,0.04458754137158394
244959554,0.07838562,0.0391928106546402
245093227,0.045479417,0.022739708423614502
245109529,0.027595805,0.013797902502119541
125133995,0.30043542,0.1502177119255066
244946502,0.09969723,0.04984861612319946
245079098,0.029523922,0.014761961065232754
245186112,0.015698787,0.007849393412470818
129090216,0.09847984,0.04923991858959198
241335589,0.06666681,0.03333340585231781
244966914,0.116316035,0.058158017694950104
245155919,0.10201561,0.05100780352950096
245134457,0.015553304,0.007776651997119188
245112148,0.11865099,0.05932549387216568
244797238,0.39681554,0.19840776920318604
240061250,0.038607974,0.01930398680269718
245011544,0.0974657,0.04873285070061684
245097386,0.08608012,0.04304005950689316
245142107,0.022283506,0.011141752824187279
245090219,0.0763074,0.03815370053052902
245241642,0.064667694,0.032333847135305405
245051329,0.03485179,0.017425894737243652
245102528,0.11839,0.05919500067830086
244588530,0.068230875,0.03411543741822243
245172910,0.06376866,0.0318843312561512
245092246,0.124177866,0.06208893284201622
245133730,0.09721286,0.04860642924904823
244991655,0.16439912,0.08219955861568451
245135058,0.23307396,0.11653698235750198
245037442,0.013579595,0.006789797451347113
245155695,0.0487106,0.024355299770832062
244985008,0.021202464,0.010601231828331947
245113956,0.2482397,0.1241198480129242
245060681,0.09260326,0.04630162939429283
245152705,0.17101511,0.08550755679607391
245109764,0.10100137,0.05050068348646164
226725426,0.049703438,0.024851718917489052
245155678,0.043031067,0.021515533328056335
245113613,0.00586292,0.002931460039690137
245154493,0.1797111,0.08985555171966553
245001600,0.08895721,0.044478606432676315
244953146,0.044451084,0.02222554199397564
229984071,0.12678999,0.06339499354362488
245086319,0.045421552,0.022710775956511497
245221598,0.0033153126,0.0016576562775298953
245115218,0.17510845,0.08755422383546829
244954494,0.099975534,0.04998776689171791
245190921,0.033344172,0.016672085970640182
245152666,0.0050785234,0.0025392617098987103
244994659,0.008727557,0.00436377851292491
245247523,0.16166323,0.0808316171169281
245060970,0.014223369,0.0071116844192147255
125652130,0.3045414,0.15227070450782776
245128723,0.031161115,0.01558055728673935
241255734,0.18025385,0.09012692421674728
245121005,0.045146864,0.022573431953787804
245171549,0.007508527,0.003754263510927558
245122905,0.0030929425,0.001546471263282001
245092118,0.08554268,0.042771339416503906
245162029,0.0015029402,0.0007514700992032886
245027842,0.014045332,0.007022665813565254
245229020,0.041054316,0.020527157932519913
125746000,0.0022023083,0.0011011541355401278
245173300,0.057442773,0.028721386566758156
245074901,0.012941367,0.006470683496445417
245208089,0.3022208,0.15111039578914642
245120940,0.07471322,0.03735661134123802
245146571,0.042351473,0.02117573656141758
245216795,0.056044668,0.02802233397960663
244961124,0.05620061,0.028100304305553436
245022833,0.15137896,0.07568947970867157
244944634,0.19297552,0.09648776054382324
241013620,0.020085482,0.01004274096339941
245186409,0.18945846,0.0947292298078537
245141516,0.056889314,0.02844465710222721
229999012,0.055069502,0.02753475122153759
245178745,0.06311561,0.031557805836200714
245160706,0.0010176484,0.0005088241887278855
130673714,0.090746135,0.04537306725978851
245096001,0.19533148,0.09766574203968048
245195504,0.008609416,0.004304707981646061
244930781,0.1866811,0.09334055334329605
245109224,0.23712328,0.11856164038181305
245145198,0.009324709,0.004662354476749897
245085379,0.09495491,0.04747745394706726
245040488,0.012645139,0.00632256967946887
244277622,0.16025627,0.08012813329696655
245206861,0.07127242,0.035636208951473236
242938701,0.01678638,0.008393189869821072
244963197,0.05084827,0.025424135848879814
245170901,0.013969346,0.006984672974795103
245129377,0.023273315,0.011636657640337944
245244735,0.09187491,0.04593745619058609
245179910,0.13846733,0.06923366338014603
245103618,0.00060961134,0.0003048056678380817
244969026,0.0062271506,0.003113575279712677
245205891,0.06323828,0.03161913901567459
245026053,0.1415201,0.07076004892587662
245027211,0.038724862,0.0193624310195446
245030691,0.026308028,0.013154014013707638
245002399,0.031614307,0.015807153657078743
244950844,0.1242212,0.062110599130392075
245039419,0.048596825,0.0242984127253294
245060577,0.037824247,0.018912123516201973
245216971,0.16682301,0.08341150730848312
245079332,0.11874639,0.059373196214437485
245195558,0.08839242,0.04419621080160141
239016741,0.06263149,0.031315743923187256
245205015,0.010378999,0.005189499352127314
245070234,0.08770931,0.04385465383529663
244998736,0.061164156,0.03058207780122757
245096593,0.0072467607,0.0036233803257346153
245140681,0.084918864,0.042459432035684586
245081002,0.02715956,0.013579780235886574
245159824,0.007426035,0.003713017562404275
245180336,0.20773564,0.10386782139539719
245108961,0.04608208,0.02304103970527649
245211300,0.04029084,0.020145419985055923
245080585,0.019210355,0.00960517767816782
245108482,0.1099292,0.05496459826827049
245124874,0.09115836,0.045579180121421814
245017985,0.1698668,0.08493340015411377
245166324,0.0007099535,0.00035497674252837896
245236012,0.012342295,0.0061711473390460014
245202470,0.0064552426,0.00322762131690979
245041649,0.3032166,0.15160830318927765
245195418,0.0021036882,0.001051844097673893
245205581,0.053205255,0.026602627709507942
245041388,0.11096729,0.05548364669084549
245002908,0.17226015,0.08613007515668869
245119120,0.023960333,0.011980166658759117
245176908,0.019681014,0.009840507060289383
245047967,0.098314114,0.04915705695748329
245149971,0.25754714,0.12877357006072998
245102812,0.04390447,0.021952234208583832
227117606,0.1472599,0.0736299529671669
245056800,0.19711745,0.09855872392654419
245057464,0.0011080438,0.0005540219135582447
242575537,0.14685927,0.073429636657238
245095777,0.014615161,0.0073075806722044945
242331177,0.1883069,0.09415344893932343
245048150,0.06256981,0.03128490597009659
245194566,0.018648282,0.009324140846729279
244964867,0.017855577,0.008927788585424423
245112955,0.083871976,0.041935987770557404
244971834,0.11968539,0.05984269455075264
245170811,0.019705126,0.00985256303101778
245226281,0.04350566,0.02175283059477806
245269934,0.0063056163,0.0031528081744909286
244954071,0.055282615,0.027641307562589645
245023223,0.011384098,0.00569204892963171
245013840,0.028251747,0.01412587333470583
245115128,0.057778906,0.028889453038573265
245093346,0.0395406,0.019770300015807152
245033117,0.048337225,0.02416861243546009
245131000,0.33519664,0.16759832203388214
245102496,0.016143152,0.008071576245129108
245046266,0.06510814,0.03255407139658928
245226688,0.045702554,0.022851277142763138
232425493,0.20057641,0.10028820484876633
245129327,0.037042167,0.018521083518862724
245156872,0.063191965,0.03159598261117935
245114667,0.05409241,0.0270462054759264
245173002,0.045060474,0.022530237212777138
245063824,0.003508261,0.001754130469635129
245130788,0.02225157,0.011125785298645496
245082308,0.3285764,0.16428819298744202
245041843,0.014963671,0.007481835316866636
245108318,0.09534245,0.04767122492194176
245107518,0.009662328,0.004831164143979549
245152751,0.10785087,0.05392543599009514
231733959,0.017848188,0.008924094028770924
245113044,0.073165804,0.03658290207386017
245190294,0.010874334,0.005437166895717382
244964781,0.24161083,0.12080541253089905
125028230,0.3788472,0.189423605799675
239512149,0.02729325,0.013646624982357025
243866115,0.06192608,0.03096304088830948
245185056,0.058128517,0.029064258560538292
232439390,0.028743437,0.014371718280017376
244974543,0.05202488,0.026012439280748367
245187329,0.0065390076,0.0032695038244128227
245100801,0.073938444,0.036969222128391266
245180725,0.010288506,0.00514425290748477
245082032,0.2265452,0.11327259987592697
245231409,0.021822417,0.01091120857745409
245060086,0.026882706,0.013441353105008602
245064424,0.0053226817,0.002661340869963169
245098446,0.019849362,0.009924680925905704
245150432,0.010253963,0.005126981530338526
245165681,0.02062494,0.01031246967613697
245074697,0.025626585,0.012813292443752289
245197287,0.11921952,0.05960975959897041
228411684,0.26238465,0.13119232654571533
245165249,0.13255186,0.0662759318947792
245080246,0.055190098,0.027595048770308495
245160246,0.17391874,0.0869593694806099
245138556,0.10526781,0.05263390392065048
245114580,0.047527514,0.023763757199048996
245064449,0.018617507,0.009308753535151482
245202131,0.17940345,0.08970172703266144
245180098,0.009213452,0.004606726113706827
126186263,0.39715198,0.19857598841190338
245036031,0.014781324,0.007390662096440792
245092130,0.12206006,0.061030030250549316
245093012,0.005497478,0.0027487389743328094
245141189,0.114365466,0.057182732969522476
245082142,0.00733324,0.0036666200030595064
245097376,0.10494128,0.05247063934803009
245102412,0.093129404,0.046564701944589615
242265546,0.12368124,0.06184061989188194
245103289,0.019138895,0.009569447487592697
245212369,0.008264322,0.004132160916924477
245248495,0.07063651,0.03531825542449951
245252212,0.05631536,0.028157679364085197
245109844,0.34060305,0.17030152678489685
245025486,0.042381927,0.021190963685512543
242583134,0.0046786373,0.0023393186274915934
244989354,0.11607078,0.058035388588905334
242139392,0.09112692,0.045563459396362305
245073628,0.08561522,0.04280760884284973
245186728,0.039552715,0.01977635733783245
245035662,0.26719448,0.1335972398519516
245166636,0.033744577,0.016872288659214973
245145699,0.014538612,0.007269306108355522
245265140,0.011162404,0.005581201985478401
245046219,0.28384745,0.141923725605011
245079994,0.1259186,0.06295929849147797
245120380,0.020639101,0.010319550521671772
245147943,0.030852303,0.0154261514544487
245113588,0.035912577,0.017956288531422615
245202221,0.1174236,0.05871180072426796
245181576,0.057822894,0.028911447152495384
243173021,0.18492801,0.09246400743722916
245111600,0.02585716,0.012928579933941364
245059357,0.14648186,0.07324092835187912
245080700,0.15887266,0.07943633198738098
245169754,0.030193923,0.01509696152061224
245229722,0.05277779,0.026388894766569138
245060551,0.14861487,0.07430743426084518
245033338,0.050117627,0.025058813393115997
245224846,0.20911139,0.10455569624900818
245206687,0.044508055,0.02225402742624283
245185718,0.048241038,0.024120518937706947
245064506,0.061283536,0.030641768127679825
245120341,0.0054392414,0.002719620708376169
245147827,0.014407158,0.007203578948974609
237976547,0.23435427,0.11717713624238968
245073783,0.001888289,0.0009441444999538362
245076352,0.04967322,0.02483660914003849
245247439,0.028544158,0.01427207887172699
233098238,0.106534064,0.05326703190803528
245051489,0.14861241,0.07430620491504669
245125157,0.001966403,0.0009832015493884683
245101417,0.03778918,0.018894590437412262
245146648,0.013371405,0.006685702595859766
245205838,0.007259371,0.0036296856123954058
245121055,0.2846181,0.1423090547323227
245090144,0.08207554,0.041037771850824356
245141340,0.0555275,0.02776375040411949
245064148,0.23726311,0.11863155663013458
245042444,0.16990377,0.08495188504457474
245191639,0.024620775,0.012310387566685677
245080721,0.05269958,0.026349790394306183
223699200,0.011460254,0.0057301269844174385
245228741,0.016787756,0.008393878117203712
245226779,0.034408614,0.01720430701971054
245145746,0.08220074,0.04110037162899971
241678991,0.19490671,0.09745335578918457
245171185,0.16751988,0.08375994116067886
245242002,0.026944004,0.013472001999616623
245236757,0.076030664,0.03801533207297325
245040289,0.046204407,0.023102203384041786
245160514,0.032300245,0.01615012250840664
245078913,0.021845153,0.010922576300799847
244953133,0.018106803,0.00905340164899826
245080143,0.005042995,0.002521497430279851
245116664,0.03608538,0.018042689189314842
245205961,0.16039908,0.08019953966140747
245164664,0.06175499,0.03087749518454075
239426977,0.16868864,0.08434431999921799
245185719,0.0352219,0.017610950395464897
245184973,0.007880091,0.003940045367926359
245191350,0.06051934,0.030259670689702034
245102487,0.120820306,0.06041015312075615
245134003,0.14738333,0.07369166612625122
245006211,0.16503014,0.08251506835222244
245060428,0.008695171,0.00434758560732007
245225855,0.07331001,0.0366550050675869
