UNIQUE_ID,hpr_mlif_pred,hpr_mlif_pred_50
245203329,0.14635482,0.07317741215229034
245255130,0.29304188,0.1465209424495697
245127268,0.05297493,0.02648746408522129
245117275,0.08104276,0.04052137956023216
231615474,0.29821625,0.1491081267595291
245225283,0.01270873,0.006354365032166243
125594054,0.088748306,0.04437415301799774
245217086,0.0061225174,0.00306125869974494
245101153,0.04049838,0.02024918980896473
245129097,0.3234437,0.1617218554019928
232621120,0.22161207,0.11080603301525116
244994904,0.21791966,0.10895983129739761
244991647,0.2876357,0.14381785690784454
245185380,0.0041505042,0.0020752521231770515
245091989,0.13113683,0.06556841731071472
245096151,0.0023599716,0.001179985818453133
245079388,0.0073840576,0.003692028811201453
240065100,0.036210105,0.018105052411556244
245144704,0.017999366,0.00899968296289444
245026619,0.03638758,0.018193790689110756
244961199,0.007443267,0.0037216334603726864
244997505,0.11118699,0.055593494325876236
245085194,0.020485772,0.010242885909974575
245229461,0.054771114,0.02738555707037449
245192188,0.0066691455,0.003334572771564126
240788520,0.0802922,0.040146101266145706
245206968,0.00023533207,0.0001176660371129401
245061530,0.04882,0.024410000070929527
245216887,0.028751506,0.01437575276941061
245152282,0.02535026,0.012675129808485508
242906329,0.14386491,0.07193245738744736
245061918,0.0191562,0.00957810040563345
245108959,0.005600981,0.0028004904743283987
245112638,0.0578727,0.028936350718140602
245015823,0.0045870547,0.0022935273591428995
245124580,0.04503341,0.022516705095767975
245100656,0.18919404,0.09459701925516129
245136772,0.1296478,0.06482390314340591
245235524,0.25696346,0.12848173081874847
245161993,0.13455272,0.06727635860443115
245134725,0.15145084,0.07572542130947113
245073284,0.12944026,0.06472013145685196
241596047,0.26093978,0.1304698884487152
244989748,0.18674704,0.09337352216243744
245155947,0.14841637,0.07420818507671356
245191383,0.14844896,0.07422447949647903
242882075,0.2000715,0.10003574937582016
245098533,0.010105139,0.005052569322288036
245015148,0.016573388,0.008286694064736366
245219956,0.0965066,0.04825330153107643
245088777,0.2201816,0.11009079962968826
245119643,0.0057634506,0.0028817253187298775
245204977,0.018307297,0.009153648279607296
245026002,0.07440101,0.037200506776571274
245186977,0.022766963,0.011383481323719025
245107170,0.25405228,0.12702614068984985
242129605,0.041613936,0.020806968212127686
241092454,0.2503117,0.12515585124492645
245206667,0.00464063,0.0023203149903565645
245268078,0.23242867,0.1162143349647522
245023532,0.0026058645,0.0013029322726652026
245094068,0.0115182,0.005759099964052439
245085430,0.066641696,0.033320847898721695
244231855,0.1571401,0.07857005298137665
245230120,0.015894298,0.007947148755192757
245075574,0.00047568922,0.00023784460790921003
245211362,0.18363976,0.0918198823928833
245171693,0.043550458,0.021775228902697563
235264448,0.015145195,0.007572597358375788
245161169,0.114545055,0.0572725273668766
121734656,0.113452144,0.05672607198357582
245059555,0.008928034,0.004464017227292061
245085433,0.032777485,0.01638874225318432
245002512,0.10698002,0.053490009158849716
244967670,0.018052816,0.009026408195495605
245153046,0.0060999,0.0030499501153826714
245107641,0.23678805,0.11839402467012405
245122304,0.20379142,0.10189571231603622
245117338,0.14886278,0.0744313895702362
245173199,0.22942941,0.11471470445394516
245113639,0.13242576,0.06621287763118744
245220684,0.16472335,0.08236167579889297
245264854,0.013779512,0.006889755837619305
245222868,0.26010332,0.1300516575574875
245242755,0.22686835,0.11343417316675186
244991167,0.025453076,0.012726537883281708
245102091,0.2081238,0.10406190156936646
226381273,0.00765504,0.0038275199476629496
245198315,0.0036076084,0.001803804188966751
245080148,0.23808806,0.11904402822256088
245160740,0.023644062,0.011822030879557133
245135781,0.2031314,0.10156569629907608
245171317,0.2743381,0.13716904819011688
244964930,0.018036742,0.009018370881676674
245196443,0.0034372509,0.0017186254262924194
241986635,0.1416121,0.07080604881048203
245090631,0.019622982,0.009811490774154663
245195860,0.0368496,0.018424799665808678
245195035,0.18378139,0.09189069271087646
245080520,0.04561099,0.02280549518764019
245065637,0.019140761,0.009570380672812462
245207664,0.2809817,0.1404908448457718
245237160,0.029947571,0.014973785728216171
245068278,0.0820345,0.04101724922657013
229905162,0.22990742,0.11495371162891388
244952052,0.09629893,0.0481494665145874
245083894,0.13727446,0.06863722950220108
245141551,0.016019788,0.00800989381968975
245168959,0.17925178,0.08962588757276535
238696423,0.18883464,0.09441731870174408
245123873,0.13230987,0.06615493446588516
245033641,0.0019094534,0.0009547267109155655
245118814,0.18373375,0.0918668732047081
244960688,0.054625608,0.027312804013490677
245122164,0.2879645,0.14398224651813507
245122398,0.20207384,0.1010369211435318
245100898,0.22895187,0.11447593569755554
245202774,0.07718064,0.03859031945466995
245226141,0.16722246,0.08361122757196426
244519934,0.23870312,0.11935155838727951
245135578,0.03505431,0.017527155578136444
231415841,0.07105274,0.03552636876702309
244987651,0.0059308503,0.0029654251411557198
245081608,0.069923386,0.03496169298887253
245226067,0.09167402,0.04583701118826866
245139162,0.030149058,0.015074528753757477
235890812,0.10737725,0.05368862673640251
234973763,0.03801607,0.019008034840226173
245151808,0.259444,0.129721999168396
245167774,0.06839371,0.03419685363769531
233048109,0.25865728,0.1293286383152008
245075734,0.09102535,0.04551267623901367
245222606,0.002959713,0.0014798565534874797
245071110,0.1777631,0.08888155221939087
245096120,0.109462224,0.054731111973524094
245091492,0.061079144,0.03053957223892212
245073955,0.027095951,0.013547975569963455
242971856,0.031906042,0.015953021124005318
245171593,0.0049529276,0.002476463792845607
245217078,0.0008856492,0.0004428245883900672
245084897,0.047671966,0.023835983127355576
245094067,0.030443488,0.01522174384444952
245207928,0.019974247,0.009987123310565948
245113575,0.23888962,0.11944480985403061
120606170,0.28524163,0.14262081682682037
245166592,0.06307918,0.031539589166641235
241995384,0.08961686,0.04480842873454094
245225261,0.10486895,0.05243447422981262
245211902,0.013410761,0.0067053805105388165
245198486,0.03361304,0.016806520521640778
244957600,0.27659175,0.13829587399959564
244945087,0.1337122,0.06685610115528107
245066239,0.001414851,0.000707425526343286
245094164,0.04860012,0.02430005930364132
245060967,0.023455715,0.011727857403457165
245057242,0.057089236,0.02854461781680584
245141898,0.23003149,0.11501574516296387
245160608,0.00026235386,0.00013117693015374243
245133624,0.0005304142,0.00026520711253397167
245159588,0.023964822,0.01198241114616394
244982626,0.0116327405,0.005816370248794556
236796233,0.2152863,0.10764314979314804
239598404,0.16659763,0.08329881727695465
125984614,0.21134429,0.10567214339971542
245178847,0.0021808199,0.0010904099326580763
245172978,0.10856243,0.054281216114759445
244973425,0.016806688,0.008403344079852104
245105628,0.0015496662,0.0007748330826871097
245051032,0.027713003,0.013856501318514347
245050623,0.16158321,0.08079160749912262
239173408,0.22285385,0.1114269271492958
245046720,0.29414,0.1470700055360794
245085652,0.054185595,0.027092797681689262
245084645,0.00082366896,0.0004118344804737717
245032916,0.07697601,0.038488004356622696
244961466,0.3154167,0.15770834684371948
245112206,0.04330117,0.021650584414601326
244967460,0.09301017,0.04650508612394333
235137680,0.35995626,0.1799781322479248
245176733,0.27872866,0.1393643319606781
245036746,0.020135209,0.01006760448217392
239583219,0.061041124,0.030520562082529068
244959938,0.040324952,0.02016247622668743
245064301,0.18268965,0.09134482592344284
245030127,0.08859462,0.04429731145501137
245105553,0.10338968,0.0516948401927948
245187705,0.0068272226,0.003413611324504018
245169510,0.1370103,0.06850515305995941
245220226,0.16672045,0.0833602249622345
244995123,0.086607695,0.043303847312927246
244958839,0.04788945,0.02394472435116768
245142309,0.0010750459,0.0005375229520723224
244992910,0.13763909,0.0688195452094078
245035199,0.07222641,0.036113206297159195
245084500,0.0016450704,0.0008225351921282709
245123538,0.16862758,0.0843137875199318
245069812,0.053878088,0.026939043775200844
245085490,0.10816002,0.05408000946044922
245023516,0.15004516,0.07502257823944092
239474138,0.091080934,0.0455404669046402
244945589,0.013450806,0.006725403014570475
245144452,0.10090596,0.050452981144189835
125329969,0.033341136,0.01667056791484356
245052007,0.07058571,0.0352928563952446
245274271,0.0014245387,0.0007122693350538611
245041333,0.28588793,0.14294396340847015
245202022,0.0051116017,0.002555800834670663
234596175,0.062199205,0.031099602580070496
245100055,0.003803804,0.001901902025565505
245008235,0.00066912436,0.00033456218079663813
245247172,0.0026408576,0.00132042879704386
245175413,0.09568302,0.04784151166677475
244930818,0.07935206,0.03967602923512459
245187838,0.020270728,0.010135363787412643
124007943,0.30689725,0.15344862639904022
244154418,0.026007943,0.013003971427679062
243391758,0.021123359,0.010561679489910603
245067180,0.013626929,0.0068134646862745285
245074836,0.019490965,0.009745482355356216
245022456,0.18538845,0.0926942229270935
245111982,0.06582573,0.03291286528110504
245116968,0.18966739,0.09483369439840317
237890259,0.21127853,0.1056392639875412
245216267,0.03420539,0.017102694138884544
245033005,0.2751176,0.13755880296230316
245142020,0.30268762,0.15134380757808685
245154622,0.18936247,0.09468123316764832
245155605,0.121512376,0.06075618788599968
244968611,0.06917729,0.03458864614367485
245181078,0.050126653,0.025063326582312584
245130587,0.12479467,0.06239733472466469
245171531,0.20944543,0.10472271591424942
245117360,0.042546332,0.021273165941238403
240008381,0.16984126,0.08492062985897064
245144743,0.12677145,0.0633857250213623
245191877,0.036308445,0.018154222518205643
241774483,0.13543934,0.06771966814994812
245060802,0.04143679,0.020718395709991455
244981584,0.19906084,0.0995304211974144
245226461,0.19145258,0.09572628885507584
245227768,0.07924925,0.03962462395429611
244935805,0.16948858,0.08474428951740265
245174356,0.00086073333,0.0004303666646592319
244961587,3.8829996e-05,1.9414997950661927e-05
245152675,0.27659252,0.13829626142978668
244987969,0.14512236,0.07256118208169937
235593398,0.05698677,0.028493385761976242
245109100,0.0061124135,0.003056206740438938
245243020,0.32337528,0.16168764233589172
245051900,0.06483067,0.03241533413529396
245145842,0.2910193,0.14550964534282684
245166261,0.11854216,0.05927107855677605
243009966,0.055353075,0.0276765376329422
245033630,0.040954318,0.020477158948779106
245102047,0.08408831,0.042044155299663544
245192771,0.011189612,0.0055948058143258095
245116833,0.09964403,0.049822013825178146
244987529,0.15019199,0.075095996260643
133910211,0.13295396,0.0664769783616066
235384583,0.15186548,0.07593274116516113
245179347,0.014792182,0.007396090775728226
245057767,0.016228842,0.008114420808851719
245052570,0.012520679,0.0062603396363556385
245133853,0.3389356,0.16946780681610107
244163154,0.22538006,0.1126900315284729
245165790,0.10111969,0.05055984482169151
244977803,0.09857315,0.04928657412528992
244964512,0.015952384,0.00797619204968214
245211118,0.019955968,0.009977984242141247
241982151,0.15242846,0.07621423155069351
245171841,0.14046407,0.07023203372955322
245108656,0.30858827,0.15429413318634033
245127759,0.16038054,0.0801902711391449
245167396,0.0023793355,0.0011896677315235138
244998858,0.029911462,0.014955731108784676
245122791,0.0031134365,0.0015567182563245296
245135827,0.0059546526,0.0029773262795060873
245212311,0.08781271,0.043906353414058685
245064642,0.115807116,0.057903558015823364
245186537,0.15612592,0.07806295901536942
245212797,0.16696928,0.08348464220762253
232417855,0.17362633,0.08681316673755646
245109472,0.07692145,0.03846072405576706
245170685,0.026434513,0.013217256404459476
245152712,0.16177249,0.08088624477386475
245155989,0.074131325,0.03706566244363785
245162263,0.0253599,0.012679950334131718
244937136,0.0040947576,0.0020473788026720285
240572063,0.11569987,0.0578499361872673
241590422,0.014745515,0.0073727574199438095
245146550,0.17388031,0.08694015443325043
245115005,0.12321953,0.06160976365208626
245119568,0.045570843,0.022785421460866928
245073402,0.16683769,0.0834188461303711
245067514,0.2767142,0.13835710287094116
245207393,0.2299537,0.11497685313224792
244985780,0.007728222,0.0038641109131276608
245127407,0.051150966,0.025575483217835426
245144067,0.28312537,0.14156268537044525
245005985,0.2730719,0.13653594255447388
245261354,0.038809378,0.019404688850045204
245130791,0.1796326,0.08981630206108093
124682173,0.16840307,0.08420153707265854
245139710,0.086632594,0.043316297233104706
245081195,0.000733266,0.00036663300124928355
239610576,0.013770314,0.006885156966745853
245065609,0.12217969,0.06108984351158142
245107770,0.06272582,0.03136290982365608
231025818,0.09200724,0.04600362107157707
245001973,0.03486523,0.017432615160942078
245154953,0.1561871,0.07809355109930038
242288245,0.026670022,0.013335010968148708
245170974,0.18941851,0.09470925480127335
245211889,0.09550604,0.047753021121025085
245146406,0.008085037,0.004042518325150013
245046316,0.020882754,0.010441376827657223
244973608,0.29886097,0.14943048357963562
245224795,0.14343454,0.071717269718647
245114880,0.2808157,0.14040784537792206
245148232,0.013805223,0.006902611348778009
245224739,0.065420106,0.03271005302667618
245133746,0.055845387,0.027922693639993668
244935111,0.09096439,0.045482195913791656
245225154,0.075540125,0.03777006268501282
245056028,0.0069996244,0.00349981221370399
244937351,0.107375115,0.05368755757808685
245129209,0.018252868,0.009126434102654457
245242184,0.07938851,0.039694253355264664
245096878,0.010441347,0.0052206735126674175
245140781,0.006809392,0.0034046960063278675
245179913,0.103976525,0.05198826268315315
245166714,0.021900348,0.010950174182653427
241338401,0.15267076,0.0763353779911995
245108549,0.16611736,0.0830586776137352
245062166,0.36323076,0.18161538243293762
245080593,0.00039051863,0.00019525931566022336
245085604,0.21383262,0.10691630840301514
245150844,0.013953709,0.006976854521781206
245086075,0.021771122,0.010885560885071754
242521272,0.1891659,0.0945829525589943
245008120,0.0046911486,0.0023455743212252855
245206276,0.0028406964,0.00142034818418324
245206550,0.12809296,0.0640464797616005
236248808,0.20464528,0.10232263803482056
245113043,0.083765365,0.04188268259167671
245007561,0.2000644,0.10003220289945602
245207838,0.30424932,0.15212465822696686
245260439,0.0120400395,0.0060200197622179985
245260360,0.00079105125,0.00039552562520839274
228365169,0.1960922,0.09804610162973404
245150901,0.18571734,0.09285867214202881
245092816,0.0019147049,0.000957352458499372
245075073,0.2552206,0.12761029601097107
245123687,0.2738181,0.13690905272960663
245175066,0.07424225,0.03712112456560135
245059991,0.26350397,0.13175198435783386
245208539,0.23182726,0.11591362953186035
245033144,0.04590431,0.022952154278755188
245148020,0.072460756,0.03623037785291672
232121707,0.26426676,0.1321333795785904
245167432,0.1236848,0.06184240058064461
244965338,0.0005484434,0.0002742217038758099
245086817,0.0022168832,0.001108441618271172
244049660,0.08569234,0.04284616932272911
245147493,0.0879443,0.04397214949131012
245112222,0.11532148,0.05766073986887932
244169670,0.06004557,0.03002278506755829
245152065,0.12906301,0.06453150510787964
231577651,0.0032240793,0.0016120396321639419
245115076,0.14723988,0.07361993938684464
245096766,0.17068155,0.08534077554941177
242445320,0.09189672,0.04594836011528969
245175044,0.16940357,0.0847017839550972
244950168,0.022051048,0.011025523766875267
244662308,0.25466916,0.1273345798254013
245185561,0.016044505,0.008022252470254898
245128464,0.022300476,0.0111502381041646
244998661,0.0014789883,0.0007394941640086472
245216637,0.3553089,0.1776544451713562
245196796,0.029761747,0.014880873262882233
245042622,0.17415315,0.0870765745639801
245192112,0.016018404,0.008009201847016811
245074457,0.23126698,0.11563348770141602
245043553,0.08095951,0.04047975316643715
245144693,0.0018608423,0.0009304211707785726
245245395,0.11504583,0.05752291530370712
245005546,0.1704877,0.08524385094642639
245012886,0.10921379,0.05460689589381218
245179112,0.18281764,0.09140881896018982
244982410,0.04914635,0.024573175236582756
245169787,0.15167928,0.07583963871002197
245078756,0.08744219,0.043721094727516174
245102007,0.03572064,0.01786031946539879
245196538,0.020738672,0.010369336232542992
245181016,0.14756341,0.07378170639276505
245090762,0.0124201635,0.006210081744939089
245091951,0.009022598,0.004511299077421427
245133544,0.0048806164,0.0024403082206845284
243026936,0.103077695,0.051538847386837006
245057316,0.008032724,0.004016362130641937
245067678,0.171168,0.08558399975299835
245166152,0.2571665,0.12858325242996216
126151038,0.20252052,0.10126025974750519
244956242,0.1632419,0.0816209465265274
245165734,0.005153857,0.002576928585767746
245031549,0.11380119,0.056900594383478165
245226045,0.12544401,0.06272200495004654
245166680,0.08954614,0.04477306827902794
245124740,0.0676883,0.033844150602817535
245151354,0.12023895,0.06011947616934776
242758897,0.04124462,0.020622309297323227
245195133,0.12796707,0.06398353725671768
245175161,0.0073682177,0.003684108844026923
245093196,0.010163765,0.0050818827003240585
245179789,0.03420745,0.01710372418165207
244940132,0.2553792,0.12768959999084473
245129649,0.18861516,0.09430757910013199
236698490,0.020349372,0.010174686089158058
245139317,0.00096526474,0.00048263237113133073
245187519,0.001086511,0.0005432554753497243
244968095,0.17080487,0.08540243655443192
245060055,0.12393468,0.06196733936667442
244964945,0.13372743,0.06686371564865112
245205120,0.15155771,0.07577885687351227
245028135,0.061954416,0.03097720816731453
245113960,0.31095165,0.15547582507133484
245081230,0.0064199823,0.0032099911477416754
244957163,0.03137756,0.015688780695199966
245043116,0.00862627,0.004313135053962469
244979226,0.06533589,0.03266794607043266
245254661,0.01675301,0.008376505225896835
245186049,0.015427404,0.007713702041655779
245122312,0.10363887,0.05181943625211716
245081120,0.06408299,0.03204149380326271
245086156,0.0035369245,0.001768462243489921
244984721,0.12151736,0.06075868010520935
245056367,0.012639812,0.00631990609690547
128131161,0.16580907,0.08290453255176544
245146740,0.19279294,0.09639646857976913
244956008,0.08838925,0.044194623827934265
245032461,0.08994902,0.04497450962662697
245000497,0.058450367,0.02922518365085125
240626947,0.097810164,0.048905082046985626
245175423,0.012655067,0.006327533628791571
244953027,0.2340029,0.11700145155191422
244984652,0.04592194,0.022960970178246498
245130237,0.25445157,0.12722578644752502
245207344,0.1719811,0.0859905481338501
245070991,0.15590994,0.0779549703001976
235944592,0.01631415,0.008157075382769108
245090473,0.029370682,0.014685341157019138
245178750,0.01341516,0.006707579828798771
245256600,0.03727106,0.018635530024766922
229824893,0.31374517,0.15687258541584015
235093889,0.31677827,0.1583891361951828
245226027,0.21185493,0.1059274673461914
245156124,0.0085771,0.00428855000063777
245016647,0.21405306,0.10702653229236603
245187516,0.010618753,0.005309376399964094
245174649,0.017114298,0.008557149209082127
242791077,0.029989308,0.01499465387314558
245106871,0.045132417,0.022566208615899086
238849888,0.09218961,0.046094805002212524
245155312,0.096878126,0.048439063131809235
244410361,0.0024649044,0.0012324522249400616
245012501,0.010833896,0.00541694788262248
245150887,0.008606015,0.004303007386624813
245086023,0.012958884,0.006479442119598389
245117486,0.09262893,0.04631446674466133
245051308,0.09709813,0.04854906350374222
245125071,0.102729656,0.051364827901124954
245116708,0.17773469,0.08886734396219254
245108955,0.04908748,0.02454373985528946
245005321,0.093058966,0.046529483050107956
245037060,0.031261798,0.015630898997187614
232295671,0.22613236,0.1130661815404892
245225046,0.28001916,0.1400095820426941
245047653,0.20186684,0.10093341767787933
245060099,0.009028527,0.004514263477176428
245255482,0.0063191447,0.003159572370350361
245265336,0.22127439,0.11063719540834427
245180139,0.057109028,0.028554514050483704
245051324,0.26411277,0.13205638527870178
245160450,0.00038065726,0.0001903286320157349
245055023,0.35362092,0.17681045830249786
233995410,0.03650287,0.018251435831189156
244985047,0.16338967,0.0816948339343071
245166947,0.22487101,0.11243550479412079
245067710,0.3011243,0.15056215226650238
125092751,0.28928337,0.1446416825056076
230177111,0.045158368,0.02257918380200863
244984990,0.24903105,0.12451552599668503
120075759,0.08756159,0.043780796229839325
233263815,0.065457754,0.032728876918554306
244848623,0.13809285,0.06904642283916473
244292501,0.17778972,0.08889485895633698
245237284,0.28904113,0.144520565867424
245127952,0.0002398023,0.00011990115308435634
239280277,0.09192585,0.045962926000356674
245079142,0.014326367,0.00716318329796195
245200691,0.06295789,0.031478945165872574
245118684,0.26655114,0.13327556848526
245171726,0.11613184,0.05806592106819153
237271787,0.23584971,0.11792485415935516
245041848,0.06492314,0.03246156871318817
245167147,0.079446025,0.03972301259636879
244967234,0.011602015,0.005801007617264986
245216205,0.15898822,0.07949411123991013
245242303,0.25623974,0.12811987102031708
245001660,0.019100606,0.009550303220748901
245087122,0.27390093,0.13695046305656433
236428235,0.21506365,0.1075318232178688
245007964,0.13602008,0.06801003962755203
245180077,0.0628442,0.031422100961208344
245235495,0.0065497467,0.0032748733647167683
240019554,0.3107478,0.15537390112876892
244947916,0.06962322,0.034811608493328094
245124554,0.07410008,0.0370500385761261
245136607,0.3344498,0.16722489893436432
245170368,0.02413182,0.012065909802913666
244985330,0.13357326,0.06678663194179535
245205624,0.017740129,0.008870064280927181
245254444,0.045659628,0.02282981388270855
240764806,0.19585143,0.09792571514844894
244964757,0.12669909,0.06334954500198364
245130635,0.05084117,0.02542058564722538
245067068,0.014754606,0.007377303205430508
245152671,0.1017035,0.05085175111889839
245161977,4.0003448e-05,2.0001723896712065e-05
245052715,0.01870903,0.009354515001177788
245179298,0.0005440167,0.0002720083575695753
245037991,0.0045090583,0.002254529157653451
245041314,0.00045341192,0.00022670596081297845
245089854,0.26396534,0.13198266923427582
245061753,0.11659571,0.05829785391688347
245067227,0.048559085,0.02427954226732254
245090239,0.0108130565,0.005406528245657682
244786953,0.019858247,0.00992912333458662
245017414,0.07277678,0.03638838976621628
245155431,0.14255252,0.07127626240253448
245111704,0.0028891661,0.001444583060219884
245196208,0.10066711,0.05033355578780174
245064689,0.017657196,0.008828598074615002
244942310,0.0013804887,0.0006902443710714579
245156089,0.021256214,0.010628107003867626
241665246,0.164337,0.08216849714517593
243179072,0.1818073,0.09090364724397659
245128148,0.029794116,0.0148970577865839
245208325,0.038549878,0.019274938851594925
245225600,0.12850466,0.0642523318529129
245151143,0.18018137,0.09009068459272385
245060040,0.22001004,0.11000502109527588
240552567,0.03449842,0.01724920980632305
245066132,0.057500914,0.028750456869602203
245134095,0.012549688,0.0062748440541327
245012812,0.2289347,0.11446735262870789
243373481,0.22863208,0.11431603878736496
245113922,0.2426385,0.1213192492723465
239567941,0.13858938,0.06929469108581543
244950418,0.17416447,0.08708223700523376
243405074,0.09317389,0.04658694565296173
245212492,0.016073346,0.008036673069000244
245057402,0.10124889,0.05062444508075714
245061568,0.006886549,0.003443274414166808
245073377,0.20863006,0.10431502759456635
245120470,0.0054191533,0.002709576627239585
241109731,0.09879262,0.04939631000161171
245219245,0.039088678,0.019544338807463646
245179128,0.0043066223,0.0021533111575990915
245192848,0.16492201,0.08246100693941116
245135671,0.13961233,0.06980616599321365
245074029,0.028429985,0.01421499252319336
245083899,0.06375079,0.03187539428472519
245093453,0.14950335,0.07475167512893677
245032067,0.2100514,0.10502570122480392
245036012,0.10453061,0.05226530507206917
245151303,0.11560238,0.05780119076371193
245181839,0.09953778,0.04976889118552208
245247454,0.34525162,0.1726258099079132
245098106,0.218339,0.10916949808597565
245225545,0.15269713,0.07634856551885605
245065788,0.21800053,0.10900026559829712
245057257,0.052522816,0.026261407881975174
245093550,0.21514119,0.1075705960392952
245124326,0.022494119,0.0112470593303442
230702492,0.052067373,0.026033686473965645
245202905,0.12149286,0.06074643135070801
240204764,0.22114411,0.11057205498218536
244290605,0.009635326,0.004817663226276636
245096579,0.0086338995,0.004316949751228094
245078999,0.12795956,0.06397978216409683
245087708,0.05362248,0.02681124024093151
245107550,0.2574319,0.12871594727039337
244936350,0.027936,0.013968000188469887
245134442,0.056840084,0.028420042246580124
245185674,0.03185421,0.015927104279398918
245087592,0.0050106146,0.0025053073186427355
245060886,0.008174917,0.004087458364665508
245119463,0.047453627,0.02372681349515915
245156412,0.37306142,0.1865307092666626
245221512,0.26162562,0.13081280887126923
244981925,0.050741114,0.025370556861162186
245109218,0.001264407,0.0006322034751065075
245154282,0.2839706,0.14198529720306396
245140604,0.06691434,0.03345717117190361
245216485,0.2798847,0.13994234800338745
245084165,0.101319075,0.05065953731536865
124621507,0.19679289,0.09839644283056259
244961057,0.049361665,0.024680832400918007
245078434,0.03353304,0.016766520217061043
244242718,0.23247363,0.11623681336641312
245166310,0.026082408,0.01304120384156704
245065026,0.2778485,0.1389242559671402
122813298,0.026023151,0.013011575676500797
245241743,0.027373543,0.013686771504580975
245071246,0.08897773,0.04448886588215828
245241103,0.16262382,0.0813119113445282
245074682,0.022946218,0.011473109014332294
245085023,0.0049019647,0.00245098234154284
245229956,0.057800494,0.02890024706721306
245222781,0.005939208,0.0029696039855480194
244965246,0.11985379,0.059926893562078476
242123170,0.03540695,0.017703475430607796
245175605,0.026788302,0.013394150882959366
245109114,0.25500008,0.1275000423192978
245089610,0.05165682,0.02582840994000435
245117209,0.19657242,0.0982862114906311
244964459,0.26876315,0.13438157737255096
245226120,0.021990256,0.010995128192007542
239789003,0.07993143,0.03996571525931358
245112344,0.020030363,0.010015181265771389
245085381,0.35512194,0.1775609701871872
240843434,0.16974242,0.08487121015787125
245087624,0.09911655,0.04955827444791794
241817275,0.040077727,0.020038863644003868
230257297,0.16677442,0.08338721096515656
243422421,0.19801314,0.09900657087564468
245175729,0.22310235,0.11155117303133011
245063904,0.11228568,0.056142840534448624
243092191,0.0729865,0.036493249237537384
242977376,0.13065624,0.06532812118530273
245067450,0.00022118639,0.00011059319513151422
245216653,0.03283803,0.01641901582479477
245172511,0.22932053,0.11466026306152344
245081327,0.0139802005,0.006990100257098675
245061861,0.0022479284,0.0011239642044529319
245115341,0.00019205199,9.602599311619997e-05
245151114,0.009673559,0.0048367795534431934
245134696,0.054492515,0.027246257290244102
245140636,0.03423853,0.017119264230132103
245091936,0.02380634,0.011903169564902782
245185343,0.12679036,0.0633951798081398
245112728,0.02735301,0.013676504604518414
244956938,0.25948805,0.1297440230846405
245073230,0.060860448,0.030430223792791367
245151183,0.009999423,0.0049997116439044476
245063682,0.012011724,0.006005861796438694
244963164,0.12513858,0.06256929039955139
245102196,0.080718145,0.040359072387218475
245020690,0.25062233,0.12531116604804993
245047098,0.0040952144,0.002047607209533453
245185209,0.2278291,0.11391454935073853
245080295,0.0066057136,0.0033028568141162395
245180340,0.2150264,0.1075131967663765
245079281,0.009392941,0.004696470685303211
223891829,0.14914273,0.07457136362791061
245097156,0.02432272,0.012161360122263432
245207165,0.0243803,0.01219015009701252
233207928,0.2751304,0.13756519556045532
245164253,0.035721984,0.01786099188029766
245230656,0.0021561186,0.001078059314750135
245240740,0.14393486,0.07196743041276932
244958003,0.037840012,0.01892000623047352
245035416,0.25046983,0.125234916806221
245172739,0.24013598,0.12006799131631851
245171396,0.00023096387,0.00011548193288035691
245264514,0.010709039,0.005354519467800856
245119013,0.03060042,0.015300209634006023
245151287,0.12534815,0.06267407536506653
245075090,0.030951466,0.015475733205676079
245059742,0.09505997,0.04752998426556587
245180894,0.053834487,0.026917243376374245
245123750,0.03080258,0.01540128979831934
245116698,0.2070608,0.1035303995013237
245159883,0.017430263,0.0087151313200593
245106669,0.23195104,0.115975521504879
234416884,0.21619844,0.10809922218322754
245220402,0.12211259,0.06105629354715347
245101924,0.00040078317,0.00020039158698637038
245097608,0.13388242,0.06694120913743973
245191598,0.0015697366,0.0007848683162592351
244973741,0.11570517,0.05785258486866951
245229148,0.09777415,0.04888707399368286
245085596,0.017244717,0.008622358553111553
245119703,0.23840739,0.11920369416475296
245118423,0.13394697,0.0669734850525856
241960045,0.17209795,0.08604897558689117
245021394,0.07155235,0.03577617555856705
245151381,0.13562976,0.06781487911939621
245042066,0.0049047843,0.002452392131090164
245156413,0.068819754,0.03440987691283226
124627996,0.148263,0.07413150370121002
245147019,0.041946292,0.020973145961761475
245134681,0.13902186,0.06951092928647995
125354354,0.075131096,0.03756554797291756
245122193,0.067196175,0.03359808772802353
245123604,0.016207403,0.008103701286017895
245128884,0.1587866,0.07939329743385315
245150957,0.063294105,0.031647052615880966
244968699,0.35524675,0.17762337625026703
245207949,0.008320495,0.004160247277468443
245206670,0.09046044,0.04523022100329399
245231439,0.07070675,0.03535337373614311
245032229,0.015536551,0.007768275681883097
245073240,0.0070324996,0.0035162498243153095
235501020,0.010229867,0.005114933475852013
245026037,0.025706703,0.012853351421654224
245085340,0.04352554,0.021762769669294357
245229103,0.005304828,0.002652413910254836
245235497,0.048029948,0.024014974012970924
245177393,0.22221313,0.11110656708478928
245098289,0.0075377463,0.003768873168155551
245048041,0.20599912,0.10299956053495407
245278411,0.011287302,0.0056436508893966675
245090471,0.044146907,0.022073453292250633
245231726,0.00076317415,0.00038158707320690155
245194451,0.36223456,0.18111728131771088
245064784,0.26907194,0.13453596830368042
245213509,0.0008811863,0.00044059313950128853
245091221,0.13584115,0.06792057305574417
245120912,0.013345896,0.006672948133200407
238101308,0.14090382,0.07045190781354904
245127707,0.12863082,0.06431540846824646
245146910,0.032545704,0.016272852197289467
244988989,0.012437535,0.00621876772493124
245037526,0.0034322515,0.0017161257565021515
245161482,0.06391272,0.03195635974407196
245177289,0.019861512,0.009930755943059921
245207900,0.1233828,0.06169139966368675
245113454,0.06789217,0.03394608572125435
234622756,0.19314063,0.09657031297683716
245129996,0.04674775,0.02337387576699257
245141007,0.042035986,0.02101799286901951
240261278,0.13437767,0.06718883663415909
245140745,0.03430164,0.017150819301605225
239634464,0.10130601,0.05065300315618515
245112933,0.021794403,0.010897201485931873
245100408,0.17594862,0.08797430992126465
245074268,0.09133059,0.04566529393196106
245256970,0.1804858,0.090242899954319
245064606,0.016056042,0.008028021082282066
245160525,0.08970379,0.04485189542174339
245226891,0.22807454,0.11403726786375046
245192569,0.23430233,0.1171511635184288
245155093,0.1349456,0.06747280061244965
245117218,0.05501012,0.02750506065785885
245242204,0.023342332,0.011671165935695171
245118252,0.17520082,0.08760040998458862
245151623,0.01606656,0.00803328026086092
245231802,0.19394757,0.09697378426790237
245091861,0.13275431,0.06637715548276901
245252129,0.07955696,0.03977847844362259
245013875,0.029512169,0.01475608441978693
245160959,0.2900547,0.14502735435962677
124928398,0.01297703,0.006488515064120293
245146219,0.012488923,0.006244461517781019
245118389,0.036114223,0.018057111650705338
245152883,0.27096954,0.13548476994037628
245090896,0.0022842612,0.0011421305825933814
245166242,0.028483324,0.014241661876440048
244977850,0.29482624,0.14741311967372894
245100202,0.024853276,0.012426638044416904
245109402,0.011828382,0.005914190784096718
245067806,0.12935777,0.06467888504266739
245123537,0.078046955,0.03902347758412361
245048211,0.05234995,0.02617497555911541
245115075,0.316661,0.158330500125885
245205997,0.066302635,0.03315131738781929
122590365,0.06657897,0.033289484679698944
245108253,0.10783392,0.05391696095466614
245207788,0.0274557,0.013727850280702114
242261172,0.28932473,0.14466236531734467
245219945,0.25357792,0.12678895890712738
245109315,0.28486305,0.14243152737617493
121280206,0.29244086,0.14622043073177338
245191039,0.2755669,0.1377834528684616
245140623,0.015387801,0.007693900726735592
245152431,0.26426092,0.1321304589509964
245103686,0.011308693,0.005654346663504839
244963803,0.08711319,0.04355659335851669
245069762,0.31950748,0.1597537398338318
245256028,0.12968896,0.06484448164701462
245096499,0.013252601,0.006626300513744354
245220727,0.0213127,0.010656350292265415
231595625,0.18798232,0.09399116039276123
244989776,0.08316182,0.041580911725759506
245161496,0.0021030817,0.0010515408357605338
245144002,0.001743246,0.000871622993145138
245060249,0.27346554,0.1367327719926834
245047745,0.19410953,0.09705476462841034
245072831,0.10693034,0.05346516892313957
245145502,0.0912014,0.04560070112347603
245196446,0.008441431,0.004220715723931789
124901647,0.14233875,0.07116937637329102
245173124,0.29666576,0.148332878947258
245084624,0.11397236,0.05698617920279503
245125019,0.059732985,0.029866492375731468
245145157,0.050101664,0.025050831958651543
245159604,0.15931319,0.07965659350156784
241798168,0.031932462,0.015966231003403664
245034949,0.014502795,0.007251397706568241
245101531,0.13909625,0.0695481225848198
238475118,0.088783056,0.04439152777194977
245067122,0.14037347,0.07018673419952393
245011008,0.01726608,0.008633039891719818
245061207,0.031790324,0.015895161777734756
245109457,0.011518492,0.005759246181696653
244989845,0.00079261273,0.0003963063645642251
245130595,0.015590584,0.00779529195278883
244418625,0.15012752,0.07506375759840012
234317947,0.07095677,0.0354783833026886
244956548,0.018514005,0.009257002733647823
245151636,0.06466921,0.03233460336923599
244945196,0.2855555,0.14277775585651398
241840660,0.08024791,0.04012395441532135
121638744,0.27628136,0.13814067840576172
245114491,0.07671997,0.03835998475551605
245180819,0.046674687,0.023337343707680702
245123333,0.013720971,0.006860485300421715
245178624,0.0030308117,0.0015154058346524835
245237394,0.2740047,0.1370023488998413
244954035,0.1211457,0.060572851449251175
244973486,0.00148887,0.0007444350048899651
245115131,0.14789715,0.07394857704639435
245114847,0.057717063,0.028858531266450882
245256148,0.007345044,0.0036725220270454884
245177228,0.32092673,0.1604633629322052
245123335,0.07146295,0.0357314758002758
245113092,0.19494148,0.0974707379937172
244992620,0.0021752685,0.0010876342421397567
245066309,0.0059430073,0.0029715036507695913
245047832,0.0072116246,0.0036058123223483562
245066685,0.0014568785,0.0007284392486326396
245075009,0.011232633,0.005616316571831703
125388949,0.117447555,0.058723777532577515
245043563,0.0061553693,0.0030776846688240767
244973717,0.012615187,0.006307593546807766
245010579,0.047210284,0.023605141788721085
241373224,0.14843892,0.07421945780515671
245051416,0.050683655,0.025341827422380447
236247410,0.048109643,0.024054821580648422
244935669,0.016512403,0.008256201632320881
245097642,0.17451628,0.08725813776254654
245092727,0.0016704585,0.0008352292352356017
245091697,0.1212198,0.06060989946126938
245141266,0.2097954,0.10489770025014877
123437967,0.16154847,0.0807742327451706
245146741,0.19743857,0.0987192839384079
245120838,0.17764185,0.0888209268450737
245037996,0.16492409,0.08246204257011414
245094053,0.020098776,0.010049387812614441
245133847,0.049051277,0.024525638669729233
245074136,0.030273627,0.01513681374490261
245136238,0.020808727,0.01040436327457428
244950003,0.10052586,0.0502629317343235
245135338,0.14325796,0.07162898033857346
232487774,0.02287872,0.011439359746873379
244738945,0.20776464,0.1038823202252388
245134522,0.26193386,0.1309669315814972
245041517,0.2442875,0.12214375287294388
245274105,0.2829748,0.14148740470409393
245100492,0.15777476,0.07888738065958023
245097030,0.0077619576,0.0038809787947684526
245095602,0.006753595,0.00337679754011333
243359684,0.2101631,0.10508155077695847
245254782,0.028340278,0.014170139096677303
245245110,0.28601295,0.14300647377967834
245133666,0.020959856,0.010479927994310856
242526305,0.20108947,0.10054473578929901
245187093,0.17801684,0.08900842070579529
245160188,0.10888127,0.054440636187791824
245207622,0.01883681,0.009418404661118984
245145042,0.17514977,0.08757488429546356
244986095,0.13638087,0.06819043308496475
245087317,0.08686386,0.043431930243968964
232320128,0.0033490097,0.001674504834227264
245250893,0.32384962,0.161924809217453
245113083,0.019951353,0.00997567642480135
245192712,0.12392147,0.06196073442697525
244929932,0.017129881,0.00856494065374136
241829949,0.063493334,0.03174666687846184
244932780,0.01880674,0.009403370320796967
245130864,0.07151913,0.035759564489126205
245177015,0.0341572,0.017078600823879242
245201938,0.0010750244,0.0005375121836550534
245021537,0.23520197,0.11760098487138748
245180439,0.11955122,0.05977560952305794
245011479,0.31575918,0.15787959098815918
244975112,0.22732542,0.1136627122759819
244954480,0.13230899,0.06615449488162994
245200991,0.07537723,0.037688616663217545
245047453,0.30075854,0.1503792703151703
245179923,0.077303864,0.038651932030916214
245212860,0.06757048,0.03378523886203766
245119223,0.05197682,0.02598840929567814
244982432,0.24974021,0.12487010657787323
239470277,0.28478667,0.1423933357000351
245120392,0.12451974,0.062259871512651443
245201215,0.03654174,0.01827087067067623
242291086,0.31269377,0.1563468873500824
244931028,0.17143871,0.08571935445070267
245254600,0.006696691,0.0033483454026281834
245247588,0.01955286,0.009776430204510689
245164574,0.012435122,0.006217561196535826
245030976,0.073908165,0.03695408254861832
245171422,0.2766116,0.13830579817295074
245061023,0.13757336,0.06878668069839478
230985504,0.17936012,0.08968006074428558
245237149,0.0982786,0.049139298498630524
244973376,0.03820448,0.01910223998129368
245003621,0.17915617,0.08957808464765549
245155432,0.0028334982,0.0014167490880936384
245198272,0.25309795,0.12654897570610046
245175315,0.0132113295,0.006605664733797312
245140727,0.029489983,0.014744991436600685
245016196,0.04748215,0.02374107576906681
245154295,0.052700497,0.026350248605012894
245030673,0.17816266,0.08908133208751678
245190675,0.065474994,0.03273749724030495
245047378,0.3548117,0.17740584909915924
245181937,0.031827625,0.015913812443614006
245155926,0.014736422,0.007368211168795824
245114158,0.0038669126,0.0019334562821313739
244964597,0.074338034,0.037169016897678375
245091347,0.018377885,0.009188942611217499
245014942,0.06136749,0.030683744698762894
245144110,0.18298247,0.09149123728275299
245032961,0.21404162,0.10702081024646759
245129318,0.20489997,0.10244998335838318
245090520,0.23587497,0.11793748289346695
245205368,0.32820055,0.1641002744436264
245095895,0.08605934,0.04302966967225075
245129179,0.105804965,0.05290248245000839
245164523,0.017607432,0.008803715929389
245166767,0.17015378,0.08507689088582993
245084444,0.019424662,0.009712330996990204
245009137,0.10849436,0.0542471818625927
245119636,0.047375664,0.023687832057476044
245150929,0.053979542,0.026989771053195
245140756,0.05759513,0.028797565028071404
245073758,0.15815559,0.07907779514789581
245022765,0.015424574,0.007712286897003651
245216367,0.1032827,0.051641348749399185
245246002,0.029327838,0.014663918875157833
245103431,0.006852099,0.003426049603149295
245065393,0.2582512,0.12912559509277344
245107744,0.01122645,0.005613225046545267
245128678,0.26518297,0.13259148597717285
245139808,0.043254804,0.021627401933073997
245159934,0.25173032,0.1258651614189148
126237468,0.12678863,0.06339431554079056
245169738,0.22106512,0.11053255945444107
245086408,0.19345878,0.09672939032316208
245127990,0.17219055,0.08609527349472046
245128985,0.21387559,0.10693779587745667
245261109,0.019350497,0.00967524852603674
245124901,0.006115253,0.0030576265417039394
245041436,0.17603964,0.08801981806755066
245241474,0.045336504,0.022668251767754555
245100351,0.014533754,0.007266877219080925
244963500,0.2760712,0.1380355954170227
245109070,0.0054067383,0.002703369129449129
245012655,0.097694226,0.04884711280465126
245123511,0.024350822,0.012175410985946655
245147704,0.0125899445,0.006294972263276577
245055346,0.15059237,0.07529618591070175
245141320,0.154507,0.07725349813699722
245205872,0.05180762,0.025903809815645218
245085976,0.010757401,0.005378700327128172
245014647,0.03137373,0.015686865895986557
245016283,0.044205982,0.022102991119027138
232300072,0.2159199,0.10795994848012924
245121971,0.025714118,0.012857059016823769
240362379,0.048114393,0.02405719645321369
245274386,0.015592509,0.007796254474669695
245080519,0.24519141,0.12259570509195328
245122310,0.026034,0.013016999699175358
245046356,0.00027567465,0.0001378373272018507
245146502,0.11349301,0.056746505200862885
245081248,0.16117284,0.08058641850948334
245188321,0.060851604,0.030425801873207092
245091541,0.015723532,0.007861766032874584
245031467,0.041997638,0.020998818799853325
241918818,0.12992348,0.064961738884449
245023117,0.30148998,0.1507449895143509
244964754,0.20138319,0.10069159418344498
244629031,0.015943225,0.007971612736582756
245170527,0.30473307,0.1523665338754654
245146410,0.03404851,0.01702425442636013
245101670,0.29155225,0.14577612280845642
245162341,0.16176708,0.08088354021310806
245155877,0.16142307,0.08071153610944748
245103477,0.26011443,0.1300572156906128
245002239,0.1907317,0.09536585211753845
240552346,0.022505345,0.011252672411501408
245124865,0.025383076,0.012691537849605083
245135377,0.1415401,0.07077004760503769
244456147,0.30277482,0.15138740837574005
245120551,0.23182224,0.11591111868619919
245074237,0.07490658,0.037453290075063705
245172865,0.13882163,0.06941081583499908
245256472,0.13153012,0.06576506048440933
245229412,0.012647158,0.006323578767478466
245230474,0.27614477,0.13807238638401031
245138191,0.106654696,0.053327348083257675
245230784,0.29249248,0.14624623954296112
245202936,0.19224863,0.0961243137717247
245150314,0.12980893,0.06490446627140045
244256659,0.0011189347,0.0005594673566520214
245181440,0.032395635,0.016197817400097847
245206433,0.06810062,0.03405030816793442
245084894,0.029495891,0.014747945591807365
245043725,0.19950147,0.09975073486566544
245036779,0.08671966,0.04335983097553253
245192475,0.06964038,0.03482019156217575
241793656,0.2020194,0.10100969672203064
245187557,0.07899583,0.03949791565537453
245196076,0.09874822,0.049374110996723175
245043777,0.031072278,0.015536138787865639
245030670,0.21542363,0.10771181434392929
245251418,0.0057880892,0.0028940446209162474
245093581,0.072570086,0.03628504276275635
245118097,0.30823222,0.15411610901355743
242843929,0.19603135,0.0980156734585762
244973687,0.018950239,0.009475119411945343
245107141,0.06505441,0.03252720460295677
245135352,0.09968627,0.049843136221170425
245173189,0.015523689,0.0077618444338440895
245118395,0.022996608,0.011498304083943367
245150279,0.13185519,0.06592759490013123
245171646,0.07970454,0.03985226899385452
245074848,0.21835256,0.10917627811431885
245120903,0.04253905,0.021269524469971657
245095956,5.855077e-05,2.9275384804350324e-05
245041946,0.29752746,0.1487637311220169
245241027,0.016872885,0.008436442352831364
231316963,0.12979372,0.06489685922861099
245146885,0.13742882,0.06871441006660461
244988097,0.0036011161,0.0018005580641329288
245200959,0.011479565,0.0057397824712097645
245179623,0.056014165,0.028007082641124725
245129619,0.0047512543,0.0023756271693855524
245060592,0.0031652525,0.0015826262533664703
245202667,0.011967044,0.0059835221618413925
245150868,0.20048144,0.10024072229862213
245134472,0.30662555,0.1533127725124359
244987619,0.12589791,0.06294895708560944
245091691,0.105093986,0.052546992897987366
245121012,0.16618784,0.08309391885995865
244964786,0.047634706,0.023817352950572968
245069561,0.027648333,0.013824166730046272
245090795,0.021742132,0.01087106578052044
242701989,0.09448872,0.0472443588078022
245202601,0.009847987,0.004923993721604347
245002975,0.24683723,0.12341861426830292
245150348,0.06740651,0.03370325639843941
245051869,0.037141953,0.018570976331830025
123184668,0.11148091,0.05574045330286026
244942102,0.09314942,0.04657471179962158
245226459,0.1928972,0.09644860029220581
245259886,0.1988822,0.09944110363721848
245156342,0.35752684,0.17876341938972473
245134802,0.2564997,0.128249853849411
245050367,0.044653546,0.022326773032546043
245010527,0.17776884,0.08888442069292068
245181278,0.0689163,0.03445814922451973
245219596,0.012902454,0.006451226770877838
245198971,0.014705866,0.007352932821959257
245199044,0.059802257,0.029901128262281418
242188546,0.016688256,0.008344127796590328
245103244,0.09296862,0.04648431017994881
245226345,0.079088025,0.039544012397527695
245172585,0.21766296,0.1088314801454544
245192684,1.5768721e-05,7.88436045695562e-06
245151105,0.13044068,0.06522034108638763
124985082,0.30273804,0.15136902034282684
245196921,0.18319598,0.09159798920154572
236256324,0.29408526,0.1470426321029663
245087156,0.011378577,0.00568928848952055
245248745,0.0065321224,0.0032660611905157566
244948305,0.15220383,0.07610191404819489
234569735,0.038480338,0.01924016885459423
122181336,0.25010866,0.12505432963371277
245073537,0.06440792,0.03220396116375923
245166647,0.16279973,0.08139986544847488
245166668,0.1939597,0.09697984904050827
221400030,0.3267254,0.16336269676685333
245205410,0.09619226,0.04809613153338432
245140866,0.005254054,0.0026270269881933928
245080503,0.021197626,0.010598813183605671
245120372,0.18258217,0.09129108488559723
230765516,0.023423614,0.011711806990206242
245073261,0.16926107,0.08463053405284882
245113392,0.24663822,0.123319111764431
245014871,0.029942099,0.014971049502491951
245098206,0.078284234,0.03914211690425873
245081525,0.011014261,0.005507130641490221
245089635,0.0060588913,0.0030294456519186497
245152535,0.087453194,0.043726596981287
244985227,0.20139156,0.10069578140974045
244986043,0.0709917,0.03549585118889809
244149863,0.028614726,0.014307362958788872
245100816,0.11382792,0.056913960725069046
245211165,0.22864945,0.11432472616434097
245133657,0.1395945,0.06979724764823914
245250765,0.08742188,0.04371093958616257
241584254,0.13473463,0.0673673152923584
245113597,0.14410935,0.0720546767115593
244952880,0.02817978,0.014089889824390411
245055561,0.002986038,0.001493019051849842
245187809,0.004831127,0.0024155634455382824
245171170,0.12248608,0.06124303862452507
245090400,0.0003879997,0.00019399984739720821
245006306,0.06414903,0.03207451477646828
245118383,0.21405989,0.10702994465827942
245047872,0.0193856,0.009692800231277943
245089503,0.014677689,0.007338844705373049
245089708,0.12050067,0.060250334441661835
245057597,0.047775943,0.02388797141611576
244998849,0.043733336,0.02186666801571846
234923118,0.06750216,0.03375108167529106
245247459,0.0021971308,0.0010985654080286622
245130042,0.0060836603,0.0030418301466852427
245139485,0.012016818,0.006008408963680267
244334408,0.13476743,0.06738371402025223
242488466,0.19584426,0.09792213141918182
245156010,0.027217614,0.013608806766569614
245197190,0.027667725,0.013833862729370594
245119174,0.2759096,0.13795480132102966
244963250,0.16934787,0.0846739336848259
244993302,0.085059345,0.042529672384262085
245061210,0.18647683,0.09323841333389282
242806835,0.29848626,0.14924313127994537
245156612,0.0009992556,0.000499627785757184
245074708,0.10121522,0.05060761049389839
129477105,0.08566997,0.04283498600125313
245060640,0.088897265,0.04444863274693489
245136733,0.006977778,0.0034888889640569687
245216837,0.00556278,0.00278138997964561
122558527,0.2520925,0.12604625523090363
245190111,0.1836897,0.09184484928846359
245150741,0.07642741,0.03821370378136635
245003436,0.2427755,0.12138774991035461
244954629,0.10479008,0.052395038306713104
245170080,0.029942792,0.014971395954489708
245032943,0.017024087,0.00851204339414835
245190894,0.039881077,0.019940538331866264
238621378,0.23332371,0.11666185408830643
245194874,0.009960433,0.004980216268450022
244565048,0.14614475,0.07307237386703491
245277883,0.090211816,0.04510590806603432
244967661,0.15965603,0.07982801645994186
245113526,0.0002525101,0.00012625505041796714
245255599,0.14849535,0.07424767315387726
245052904,0.020202015,0.010101007297635078
245162135,0.00048311122,0.00024155560822691768
242301971,0.0029192301,0.001459615072235465
245093341,0.21730137,0.10865068435668945
244941091,0.14049783,0.07024891674518585
245134600,0.30941108,0.15470553934574127
244952906,0.088871665,0.044435832649469376
245116376,0.026401326,0.013200663030147552
245087223,0.049963556,0.024981778115034103
245113460,0.0007924889,0.0003962444607168436
241462525,0.114950255,0.05747512727975845
245096473,0.003974704,0.0019873520359396935
245107285,0.0027892273,0.0013946136459708214
244922410,0.10891848,0.05445924028754234
245150592,0.010963739,0.005481869447976351
245064598,0.051558144,0.02577907219529152
244960493,0.0029938093,0.0014969046460464597
244940560,0.17177275,0.08588637411594391
245095913,0.31891808,0.15945903956890106
245119710,0.0018975277,0.000948763859923929
245122249,0.2442851,0.12214255332946777
240101779,0.009567895,0.004783947486430407
244797505,0.08018433,0.040092166513204575
244955263,0.027229743,0.01361487153917551
244965314,0.043822683,0.021911341696977615
244961453,0.017354086,0.00867704302072525
245246877,0.11787868,0.05893934145569801
245145274,0.2891817,0.1445908546447754
245151791,0.1392244,0.06961219757795334
125237367,0.18612604,0.09306301921606064
245196918,0.07761706,0.03880852833390236
245091927,0.1384709,0.06923545151948929
245085940,0.056544382,0.028272191062569618
245046454,0.00948046,0.004740229807794094
245155518,0.002644915,0.0013224574504420161
245062316,0.011546258,0.005773128941655159
243052588,0.18008703,0.09004351496696472
244953979,0.31779715,0.15889857709407806
244622038,0.15035772,0.07517886161804199
245177051,0.029370982,0.014685491099953651
245101449,0.015744912,0.00787245575338602
245098090,0.1667003,0.08335015177726746
245170710,0.19979763,0.0998988151550293
241658019,0.28984445,0.14492222666740417
244936678,0.12248412,0.061242058873176575
245205124,0.24596503,0.12298251688480377
244987714,0.05062408,0.025312040001153946
245255189,0.0045488724,0.002274436177685857
245180938,0.086231776,0.04311588779091835
245235335,0.10487912,0.05243955925107002
245022065,0.033818815,0.016909407451748848
245144422,0.22949137,0.11474568396806717
245146365,0.12126617,0.060633085668087006
245129317,0.08310683,0.04155341535806656
245033540,0.007830535,0.003915267530828714
245090277,0.05182245,0.025911225005984306
245166762,0.2967011,0.1483505517244339
245089362,0.225387,0.11269350349903107
245246377,0.008243131,0.004121565725654364
245079631,0.022171421,0.011085710488259792
245114465,0.22065243,0.11032621562480927
245202492,0.0977134,0.0488567017018795
245087423,0.15333837,0.07666918635368347
245252182,0.114607185,0.057303592562675476
245122410,0.0075484416,0.003774220822378993
238233850,0.15700617,0.0785030871629715
245041899,0.01042211,0.005211054813116789
245037789,0.33102366,0.1655118316411972
245170498,0.15594563,0.07797281444072723
245021850,0.12910141,0.06455070525407791
245171114,0.0381368,0.01906839944422245
245118273,0.046809565,0.023404782637953758
245021228,0.22483584,0.11241792142391205
244935360,0.32064867,0.1603243350982666
245247256,0.025379673,0.012689836323261261
230879656,0.36501473,0.18250736594200134
245046588,0.16808175,0.08404087275266647
122773960,0.22461475,0.11230737715959549
238279727,0.07861516,0.03930757939815521
245252169,0.029810915,0.014905457384884357
245267706,0.033256322,0.016628161072731018
240271624,0.2860488,0.14302439987659454
245190787,0.0040344833,0.002017241669818759
245251641,0.02153768,0.010768840089440346
245192889,0.07993506,0.039967529475688934
245117471,0.054225307,0.027112653478980064
245264325,0.124062166,0.062031082808971405
239031344,0.0067549483,0.003377474145963788
245093075,0.13451473,0.0672573670744896
245070668,0.050383788,0.0251918938010931
244999226,0.09684429,0.04842214658856392
244984511,0.0021697022,0.0010848511010408401
245066388,0.014864767,0.007432383485138416
245224560,0.21128374,0.10564187169075012
245112963,0.015023911,0.007511955685913563
245136184,0.35009232,0.1750461608171463
245136296,0.15082945,0.07541472464799881
245217109,0.0004815648,0.00024078240676317364
245139839,0.18571612,0.09285806119441986
245141794,0.15327972,0.07663986086845398
245118453,0.0048309662,0.002415483118966222
245103651,0.022504028,0.011252013966441154
245165299,0.05238122,0.026190610602498055
245240017,0.054727383,0.027363691478967667
244987909,0.17101796,0.08550897985696793
245156732,0.00016774851,8.387425623368472e-05
245089960,0.0021590712,0.0010795355774462223
245121728,0.18523248,0.0926162376999855
245085137,0.29231927,0.14615963399410248
245074048,0.16646224,0.083231121301651
245184490,0.20688821,0.10344410687685013
245084401,0.042536806,0.02126840315759182
245124821,0.11880628,0.05940314009785652
245086271,0.30152884,0.15076442062854767
245177193,0.26780063,0.13390031456947327
245007355,0.035253048,0.017626523971557617
245108003,0.014301818,0.007150908932089806
242196579,0.014773209,0.0073866043239831924
245074086,0.011812442,0.005906220991164446
245085027,0.036892883,0.018446441739797592
232817673,0.019314425,0.009657212533056736
245270023,0.16408692,0.08204346150159836
245000430,0.029216757,0.014608378522098064
244944677,0.00048193702,0.00024096851120702922
245075354,0.076383494,0.038191746920347214
245176018,0.03658137,0.01829068548977375
245213755,0.052902717,0.026451358571648598
245098322,0.096721955,0.048360977321863174
245248463,0.3615458,0.18077290058135986
245156058,0.024857664,0.012428832240402699
245121180,0.057121664,0.028560832142829895
245199141,0.05250872,0.026254359632730484
245059313,0.13974959,0.06987479329109192
244978580,0.037647028,0.018823513761162758
244941406,0.0008644925,0.0004322462482377887
245201797,0.07430433,0.037152163684368134
245174854,0.22034042,0.11017020791769028
245123100,0.045891386,0.022945692762732506
245180089,0.009251893,0.004625946283340454
245070748,0.16734768,0.08367384225130081
244945818,0.22419196,0.11209598183631897
245084724,0.009271775,0.004635887686163187
245101605,0.0017164578,0.000858228886500001
245187397,0.0016532337,0.000826616829726845
245207750,0.023188531,0.011594265699386597
245091525,0.074432164,0.03721608221530914
242468404,0.17095535,0.08547767251729965
244672074,0.0018933268,0.0009466633782722056
245174597,0.2461017,0.12305085361003876
245246968,0.0045966227,0.0022983113303780556
245185367,0.02282848,0.01141424011439085
244953974,0.03392746,0.01696372963488102
245185960,0.024550537,0.012275268323719501
245133964,0.035318863,0.01765943132340908
245211320,0.2431832,0.12159159779548645
245180279,0.0016894797,0.000844739843159914
245275151,0.11722627,0.058613136410713196
245096861,0.13892104,0.06946051865816116
245118882,0.042734526,0.021367263048887253
245161039,0.060954053,0.030477026477456093
245176806,0.13202284,0.06601142138242722
245096268,0.03773126,0.01886563003063202
245100745,0.25182095,0.12591047585010529
245156067,0.00095365394,0.00047682697186246514
245012439,0.12063262,0.060316309332847595
245048395,0.017739125,0.008869562298059464
245100385,0.19175221,0.09587610512971878
245152377,0.15183222,0.0759161114692688
245160307,0.055511363,0.027755681425333023
245169673,0.056302562,0.02815128117799759
239510958,0.09851634,0.049258168786764145
245150052,0.2729752,0.13648760318756104
245231599,0.041023348,0.020511673763394356
245074781,0.12856096,0.06428048014640808
245107217,0.2252184,0.11260920017957687
245106815,0.27153012,0.13576506078243256
245083457,0.23327948,0.11663974076509476
245048477,0.0074251955,0.003712597768753767
245073348,0.035418972,0.017709486186504364
245140443,0.07945663,0.0397283136844635
245035593,0.32383898,0.1619194895029068
245219469,0.039218377,0.01960918866097927
245205740,0.051360518,0.025680258870124817
245147681,0.023583027,0.011791513301432133
245074400,0.070365645,0.03518282249569893
245140224,0.12932135,0.06466067582368851
245121494,0.027397765,0.013698882423341274
244962788,0.00043414498,0.000217072491068393
245205218,0.0048012855,0.002400642726570368
245170137,0.2187836,0.10939180105924606
245220483,0.038982823,0.01949141174554825
245148619,0.33424205,0.167121022939682
232228141,0.011983746,0.005991872865706682
229966157,0.073475614,0.03673780709505081
245140334,0.11621655,0.05810827389359474
245093945,0.23293117,0.11646558344364166
245130013,0.012123184,0.006061592139303684
231855156,0.33972487,0.16986243426799774
245166127,1.4170321e-05,7.085160632414045e-06
240384991,0.1077881,0.0538940504193306
245091243,0.17710996,0.0885549783706665
245128274,0.018064443,0.009032221511006355
245245339,0.004822922,0.002411460969597101
245078767,0.015426283,0.00771314138546586
245116930,0.0063675004,0.0031837502028793097
129161617,0.040165156,0.02008257806301117
244972286,0.06080904,0.03040451928973198
245134970,0.36996287,0.18498143553733826
245037781,0.0047214516,0.002360725775361061
245140585,0.07745503,0.03872751444578171
245102932,0.031976115,0.015988057479262352
235475168,0.29644245,0.1482212245464325
245063389,0.13922536,0.06961268186569214
245001310,0.23613848,0.11806923896074295
245269761,0.06640911,0.03320455551147461
245219223,0.06475238,0.03237618878483772
245236393,0.037774548,0.018887273967266083
245251766,0.016622405,0.008311202749609947
245165251,0.17376013,0.08688006550073624
245107593,0.05002535,0.025012675672769547
244968934,0.049509652,0.024754825979471207
245142086,0.020233752,0.010116876102983952
245063868,0.027923552,0.013961776159703732
245114523,0.07479534,0.03739767149090767
245184952,0.18790598,0.09395299106836319
245205287,0.11183327,0.05591663345694542
245235202,0.18177922,0.09088961035013199
245100523,0.06545274,0.03272636979818344
245191255,0.14920574,0.074602872133255
245070807,0.007528377,0.003764188615605235
245051138,0.08899206,0.04449602961540222
233953832,0.11827183,0.05913591384887695
242442413,0.112524405,0.05626220256090164
245081153,0.21300796,0.10650397837162018
245085101,0.13642271,0.06821135431528091
245260480,0.008624423,0.004312211647629738
245120591,0.14964476,0.07482238113880157
245056384,0.005423403,0.00271170143969357
245170713,0.08222281,0.041111405938863754
245146183,0.068402685,0.03420134261250496
245226474,0.011131614,0.005565807223320007
245144600,0.007864494,0.0039322469383478165
245159960,0.011009692,0.005504846107214689
245213749,0.109463505,0.05473175272345543
245229389,0.033643972,0.016821986064314842
245097154,0.034087762,0.017043881118297577
244967871,0.17832746,0.08916372805833817
245186480,0.008206068,0.0041030338034033775
245080023,0.02930311,0.014651554636657238
245043520,0.0031119448,0.0015559723833575845
245057166,0.14036563,0.07018281519412994
245173085,0.008071931,0.0040359655395150185
245169410,0.16004908,0.08002454042434692
245242085,0.16737913,0.08368956297636032
245080312,0.07219144,0.036095719784498215
245133532,0.010243269,0.005121634341776371
245187810,0.28178266,0.14089132845401764
245152191,0.051274758,0.02563737891614437
245159806,0.01637043,0.008185215294361115
245252532,0.15156353,0.07578176259994507
245174838,0.00975909,0.004879544954746962
245040835,0.261066,0.13053299486637115
245084090,0.023841415,0.011920707300305367
245181738,0.016710274,0.008355136960744858
244965040,0.027590815,0.013795407488942146
245060567,0.21549669,0.10774834454059601
244964866,0.054872487,0.02743624337017536
245248001,0.09188136,0.04594067856669426
245147039,0.013609162,0.0068045808002352715
245087440,0.0011248104,0.0005624052137136459
245179804,0.23025857,0.11512928456068039
234625315,0.057287127,0.028643563389778137
244982051,0.33842552,0.16921275854110718
245016686,0.010553042,0.005276521202176809
245078565,0.04775364,0.023876819759607315
238256517,0.22998329,0.11499164253473282
125203157,0.07241914,0.03620956838130951
245122625,0.016583167,0.008291583508253098
245138635,0.35228965,0.1761448234319687
245146753,0.006863177,0.0034315884113311768
245107646,0.03374319,0.01687159575521946
245224891,0.11403564,0.057017821818590164
245220239,0.21958467,0.10979233682155609
245086741,0.012823418,0.006411708891391754
245145984,0.14759254,0.07379627227783203
245028109,0.0060522016,0.003026100806891918
244984666,0.00047196122,0.00023598060943186283
245241740,0.06555972,0.032779861241579056
243360854,0.33425987,0.16712993383407593
245062205,0.027840227,0.013920113444328308
245212307,0.11860308,0.05930154025554657
245181756,0.13458385,0.06729192286729813
245100424,0.058830157,0.029415078461170197
245037321,0.29804915,0.1490245759487152
245152181,0.056288414,0.02814420685172081
245096689,0.1179796,0.05898980051279068
244960543,0.08126556,0.04063278064131737
245102058,0.11860323,0.05930161476135254
245055109,0.2031647,0.1015823483467102
245031795,0.1030588,0.051529400050640106
245202234,0.2564374,0.12821869552135468
245074281,0.13412777,0.06706388294696808
244957715,0.21491864,0.10745932161808014
245136246,0.23101059,0.11550529301166534
244968407,0.003018443,0.0015092215035110712
245038356,0.0021284362,0.0010642181150615215
245139130,0.072487645,0.03624382242560387
245150214,0.30273148,0.1513657420873642
245043129,0.004026605,0.002013302408158779
125521028,0.035190888,0.01759544387459755
245112571,2.7620855e-14,1.3810427512684059e-14
245000799,0.24955805,0.12477902323007584
245123847,0.15174149,0.07587074488401413
244944520,0.096986145,0.048493072390556335
241553650,0.04952727,0.02476363442838192
245206971,0.21388578,0.10694289207458496
245181480,0.1620893,0.08104465156793594
245091511,0.24199714,0.1209985688328743
245252280,0.31293687,0.1564684361219406
245042256,0.26134667,0.1306733340024948
245087239,0.33018324,0.1650916188955307
245127156,0.09728078,0.04864038899540901
245167001,0.029967427,0.014983713626861572
238425165,0.17176962,0.08588480949401855
245036486,0.022023872,0.011011935770511627
245127307,0.14572516,0.07286258041858673
238720469,0.27930784,0.13965392112731934
245108449,0.0074074934,0.003703746711835265
245116564,0.1074759,0.05373794957995415
245147147,0.25834674,0.1291733682155609
245135068,0.04160904,0.020804520696401596
245090787,0.08844467,0.04422233626246452
245028455,0.20138492,0.10069245845079422
245205790,0.2628941,0.13144704699516296
245190737,0.35683772,0.1784188598394394
245196790,0.04700204,0.023501019924879074
245205747,0.0999043,0.049952149391174316
244978941,0.0006142732,0.0003071365936193615
245037592,0.03194534,0.015972670167684555
245152473,0.0036789617,0.0018394808284938335
244959495,0.3484489,0.17422445118427277
245136104,0.21019605,0.10509802401065826
244949631,0.024572192,0.012286095879971981
245108719,0.12137333,0.06068666651844978
245035555,0.013353729,0.006676864344626665
245205873,0.10598585,0.05299292504787445
245170988,0.002836414,0.0014182069571688771
245085229,0.009512007,0.0047560036182403564
244980762,0.007473422,0.0037367111071944237
245102374,0.051240698,0.025620348751544952
245103573,0.018211199,0.009105599485337734
245089077,0.055257905,0.027628952637314796
245207849,0.017318029,0.008659014478325844
245151275,0.14957319,0.07478659600019455
245201275,0.14048448,0.07024224102497101
245050180,0.15706041,0.0785302072763443
245201579,0.052103445,0.026051722466945648
230276302,0.17017645,0.08508822321891785
245196193,0.026780067,0.01339003350585699
245114154,0.24270761,0.12135380506515503
241794266,0.2956012,0.14780059456825256
245171499,0.00894532,0.0044726599007844925
245205853,0.18357268,0.09178633987903595
245027772,0.08437305,0.04218652471899986
245186493,0.022352811,0.011176405474543571
242971061,0.20489813,0.10244906693696976
245162284,0.23130594,0.11565297096967697
245203249,0.09562198,0.04781099036335945
245075748,0.023495784,0.011747892014682293
245140220,0.029252905,0.014626452699303627
245262908,0.2894614,0.14473070204257965
245196172,0.128024,0.06401199847459793
122883674,0.074575424,0.03728771209716797
245259279,0.0072546448,0.003627322381362319
245156232,0.2740664,0.13703319430351257
245129336,0.0969512,0.04847560077905655
241891531,0.28372577,0.1418628841638565
245151535,0.003275989,0.0016379945445805788
245067578,0.055786483,0.027893241494894028
245201090,0.18936132,0.09468065947294235
245211814,0.15445049,0.07722524553537369
128601644,0.059069235,0.02953461743891239
245140829,0.15339895,0.07669947296380997
245169755,0.10472005,0.05236002430319786
245169047,0.22366668,0.11183334141969681
241411185,0.25445187,0.12722593545913696
245075803,0.09865478,0.049327388405799866
245121376,0.18710722,0.09355361014604568
245125053,0.00019540677,9.77033851086162e-05
242922263,0.1593513,0.07967565208673477
245017841,0.05178876,0.02589437924325466
126081686,0.22143704,0.11071851849555969
245140094,0.110962845,0.05548142269253731
245092129,0.13026758,0.06513378769159317
245067304,0.067883655,0.03394182771444321
245129244,0.00040751952,0.00020375975873321295
123172385,0.22601792,0.11300896108150482
245060833,0.014775735,0.007387867663055658
245196496,0.006138619,0.0030693095177412033
245226193,0.034681857,0.017340928316116333
245106823,0.07545948,0.037729740142822266
245091726,0.24192059,0.1209602952003479
245142043,0.020284653,0.010142326354980469
245065075,0.017471986,0.008735992945730686
245128153,0.12632726,0.0631636306643486
245033331,0.1097264,0.05486319959163666
245194959,0.0030239697,0.0015119848540052772
244762809,0.22109002,0.11054500937461853
245252764,0.060100317,0.030050158500671387
245207890,0.05017331,0.025086654350161552
245211823,0.0987041,0.049352049827575684
245234641,0.010153269,0.0050766346976161
233243321,0.058882024,0.02944101206958294
243030975,0.29520497,0.14760248363018036
245093276,0.043036133,0.02151806652545929
244964674,0.2300589,0.11502944678068161
245101926,0.0023369272,0.0011684636119753122
245106722,0.1265902,0.06329510360956192
245240363,0.008166346,0.004083172883838415
245185675,0.09674931,0.04837465658783913
245021713,0.066024855,0.033012427389621735
245198458,0.14944015,0.07472007721662521
245185835,0.267911,0.13395549356937408
245052320,0.001106262,0.0005531309871003032
244940102,0.17565788,0.08782894164323807
245086374,0.025656793,0.012828396633267403
245118006,0.043444894,0.021722447127103806
245124335,0.1643813,0.08219064772129059
245090685,0.15342727,0.07671363651752472
245042580,0.0031077762,0.001553888083435595
244985666,0.0005847736,0.00029238680144771934
245219383,0.02633907,0.01316953543573618
244983010,0.1508737,0.07543685287237167
245174884,0.099682875,0.04984143748879433
244993004,0.20986424,0.10493212193250656
244286331,0.013217341,0.006608670577406883
245002813,0.24626933,0.12313466519117355
244964621,0.0049269763,0.0024634881410747766
245190910,0.03228307,0.016141535714268684
245142238,0.24333115,0.1216655746102333
245175597,0.16621585,0.08310792595148087
244968548,0.05250495,0.026252474635839462
245059583,0.14300673,0.07150336354970932
245086472,0.112524524,0.05626226216554642
242594670,0.025147751,0.012573875486850739
244894953,0.2822274,0.14111369848251343
244988033,0.032713193,0.01635659672319889
245180277,0.28193867,0.14096933603286743
245170549,0.16348834,0.08174417167901993
245174611,0.034692395,0.017346197739243507
233968011,0.2755017,0.13775084912776947
245097023,0.00911157,0.004555785097181797
244967034,0.05404285,0.02702142484486103
245035564,0.21178669,0.1058933436870575
245144430,0.114221305,0.05711065232753754
245256078,0.35205787,0.17602893710136414
245176103,0.0095473165,0.004773658234626055
245056755,0.060399123,0.030199561268091202
245155707,0.0046299137,0.002314956858754158
244979023,0.031743675,0.015871837735176086
245202305,0.30714956,0.15357477962970734
245154486,0.07973296,0.039866480976343155
238465003,0.015367673,0.00768383638933301
245124796,0.16329956,0.0816497802734375
245207096,0.07354516,0.036772578954696655
245123647,0.0039118887,0.0019559443462640047
242998488,0.09634925,0.048174623399972916
240880229,0.22060494,0.11030247062444687
245255547,0.09177783,0.04588891565799713
245152109,0.24929339,0.12464669346809387
235562614,0.11904255,0.059521276503801346
245202809,0.032284666,0.016142332926392555
245043801,0.2725789,0.13628944754600525
245040558,0.04041339,0.020206695422530174
245178893,0.0038420658,0.0019210329046472907
245130673,0.09413045,0.04706522449851036
245202932,0.08930949,0.04465474560856819
245036780,0.16296381,0.08148190379142761
128532209,0.037077885,0.01853894256055355
244909050,0.2022106,0.10110530257225037
245119476,0.30113825,0.1505691260099411
245229080,0.0063065006,0.0031532503198832273
244954193,0.17311716,0.08655858039855957
125736637,0.29425883,0.14712941646575928
245122787,0.17738084,0.08869042247533798
245061426,0.16187312,0.08093655854463577
245091455,0.12675315,0.06337657570838928
245107110,4.407426e-05,2.2037129383534193e-05
245112739,0.009954801,0.004977400414645672
235440469,0.0689312,0.03446559980511665
245107606,0.086976185,0.043488092720508575
245075618,0.18375029,0.09187514334917068
245199183,0.14810324,0.0740516185760498
245047166,0.16749471,0.08374735713005066
245211665,0.020044524,0.01002226211130619
245085350,0.040324066,0.020162032917141914
245202890,0.05471716,0.027358580380678177
245122170,0.005470377,0.002735188463702798
245212568,0.0023061354,0.0011530676856637
244917891,0.23429808,0.11714904010295868
245192846,0.22255807,0.11127903312444687
237637272,0.051918134,0.025959067046642303
245030186,0.28926346,0.14463172852993011
245087527,0.007176009,0.0035880045033991337
245154603,0.07306995,0.036534976214170456
245040501,0.028920991,0.014460495673120022
245097521,0.0110322535,0.005516126751899719
245186294,0.03368497,0.01684248447418213
244956854,0.2539488,0.12697440385818481
245187396,0.0027741217,0.0013870608527213335
245226499,0.0064156954,0.003207847708836198
244933794,0.18421249,0.09210624545812607
245128977,0.06634078,0.033170390874147415
241500563,0.06717499,0.033587496727705
245117167,0.03814997,0.01907498575747013
242790065,0.28546086,0.14273042976856232
245152617,0.025924223,0.01296211127191782
245241848,0.035890907,0.01794545352458954
245093334,0.04098088,0.020490439608693123
245037735,0.2727719,0.1363859474658966
245196374,0.02139133,0.010695665143430233
126007443,0.27683616,0.1384180784225464
245140686,0.0468559,0.023427950218319893
245219180,0.072465144,0.03623257204890251
245096597,0.031957425,0.01597871258854866
245098177,0.2541878,0.12709389626979828
245044396,0.169102,0.08455099910497665
244936722,0.30666167,0.15333083271980286
245101773,0.055956393,0.02797819674015045
245055627,0.16865698,0.08432848751544952
244999025,0.024818879,0.01240943931043148
241808166,0.11372178,0.05686089023947716
235895677,0.056393318,0.028196658939123154
245085657,0.028375207,0.014187603257596493
245073705,0.013238752,0.006619376130402088
245138831,0.011029361,0.005514680407941341
245221012,0.050099436,0.025049718096852303
245130601,0.16362478,0.08181238919496536
123852080,0.35467365,0.17733682692050934
245099705,0.027300311,0.013650155626237392
245203040,0.12577711,0.06288855522871017
245067471,0.0008111522,0.0004055761091876775
245187004,0.04478022,0.022390110418200493
237781221,0.29707304,0.14853651821613312
245202067,0.31498325,0.15749162435531616
245127441,0.0062675616,0.003133780788630247
245152331,0.122061536,0.06103076785802841
228615774,0.13783424,0.06891711801290512
245202214,0.0040595285,0.0020297642331570387
245230833,0.16388889,0.08194444328546524
245272968,0.18953055,0.09476527571678162
230044120,0.05618029,0.02809014543890953
245202457,0.008789834,0.004394916817545891
245145579,0.14909239,0.0745461955666542
242180092,0.050723065,0.02536153234541416
245028247,0.118424565,0.05921228229999542
245120501,0.0097104665,0.004855233244597912
245144803,0.072845764,0.03642288222908974
236045848,0.14036328,0.07018163800239563
245144949,0.18875206,0.09437602758407593
245123814,0.04034353,0.020171765238046646
245041630,0.14697805,0.07348902523517609
245141549,0.031574603,0.01578730158507824
245156599,0.13587394,0.067936971783638
123005167,0.09109191,0.04554595425724983
245206266,0.23115578,0.11557789146900177
244991125,0.12311883,0.061559416353702545
245235743,0.118522875,0.05926143750548363
245044435,0.20693164,0.10346581786870956
245216758,0.0771971,0.038598548620939255
245141179,0.04320658,0.021603289991617203
245186678,0.015425538,0.007712768856436014
244972267,0.04515838,0.022579189389944077
245002178,0.043962963,0.021981481462717056
245144615,0.16206338,0.0810316875576973
245180976,0.19825369,0.09912684559822083
244931198,0.22583431,0.11291715502738953
245138725,0.2524693,0.12623465061187744
245229179,5.7305324e-06,2.8652661967498716e-06
245112420,0.07740291,0.03870145604014397
245190028,0.0049912157,0.002495607826858759
245176277,0.014558342,0.007279171142727137
244533694,0.02892312,0.014461560174822807
245229323,0.04005239,0.02002619579434395
239439734,0.040391926,0.020195962861180305
245181771,0.20069973,0.10034986585378647
244977383,0.08600119,0.04300059378147125
245170535,0.2681569,0.13407844305038452
238470359,0.093079016,0.04653950780630112
245116613,0.06673029,0.033365145325660706
245114180,0.045843326,0.022921662777662277
244989604,0.005630826,0.0028154130559414625
245096767,0.07341938,0.03670968860387802
244964284,0.22485729,0.11242864280939102
245074816,0.0021921438,0.001096071908250451
245201581,0.3306947,0.16534735262393951
245206522,0.12646909,0.06323454529047012
245052255,0.037851077,0.018925538286566734
245085559,0.0011742472,0.0005871236207894981
245098542,0.04051951,0.020259754732251167
244957504,0.102302216,0.051151107996702194
245160769,0.04633648,0.02316823974251747
239394100,0.15994687,0.07997343689203262
239652052,0.20088352,0.10044176131486893
122369165,0.21971685,0.1098584234714508
245145500,0.06063611,0.03031805530190468
245219861,0.00010173911,5.0869555707322434e-05
245150192,0.22953731,0.11476865410804749
244985872,0.031219449,0.015609724447131157
244930667,0.3231824,0.16159120202064514
245196978,0.29571393,0.1478569656610489
245118667,0.055498887,0.02774944342672825
245226061,0.09965853,0.04982926324009895
129236840,0.1310007,0.06550034880638123
245260675,0.068058476,0.03402923792600632
245133607,0.0071117217,0.003555860836058855
245127731,0.153307,0.07665350288152695
245050553,0.19108304,0.09554152190685272
245139897,0.01924912,0.009624560363590717
245144639,0.31295025,0.15647512674331665
238585319,0.19824259,0.09912129491567612
122810275,0.21282917,0.10641458630561829
245144562,0.0034547725,0.0017273862613365054
244972216,0.011360547,0.005680273286998272
245022720,0.14802787,0.07401393353939056
245044356,0.20413738,0.102068692445755
245013968,0.07582065,0.03791032359004021
245230699,0.11890848,0.059454239904880524
245150553,0.061069813,0.030534906312823296
245171692,0.038939606,0.01946980319917202
245135166,0.27598664,0.13799332082271576
245157299,0.0954212,0.0477106012403965
245062199,0.024986226,0.012493113055825233
245126833,0.05377199,0.026885995641350746
238872295,0.095200926,0.04760046303272247
245065895,0.18668719,0.0933435931801796
121953360,0.28159428,0.14079713821411133
244989646,0.11960739,0.05980369448661804
245145232,0.04063632,0.020318159833550453
122486436,0.26295862,0.13147930800914764
245187622,0.013315916,0.006657958030700684
245208479,0.10599741,0.052998706698417664
245001425,0.09171216,0.04585608094930649
245165079,0.143288,0.07164400070905685
245165370,0.15758018,0.0787900909781456
245118260,0.042428784,0.02121439203619957
242246793,0.21298529,0.10649264603853226
245070148,0.009197348,0.004598673898726702
231047809,0.10058447,0.0502922348678112
245261406,0.06490211,0.03245105594396591
241220162,0.1015565,0.05077825114130974
245269215,0.10629434,0.053147170692682266
245035346,0.2240734,0.11203669756650925
245108951,0.15415005,0.07707502692937851
245063581,0.01872281,0.009361404925584793
245038005,0.18655086,0.09327542781829834
245096683,0.0746087,0.0373043492436409
245201829,0.008109847,0.004054923541843891
245097228,0.012099365,0.0060496823862195015
245087253,0.005445064,0.002722532022744417
245222270,0.1533042,0.07665210217237473
244985764,0.098442845,0.04922142252326012
245167363,0.003796823,0.001898411544971168
245086279,0.19060373,0.09530186653137207
245021824,0.27701846,0.13850922882556915
244947722,0.030004932,0.015002465806901455
244988205,0.01968681,0.009843405336141586
244987431,0.016747043,0.008373521268367767
245171707,0.008323446,0.004161722958087921
245181475,0.2479586,0.12397930026054382
245176479,0.07429791,0.03714895620942116
245174637,8.967506e-07,4.4837528889729583e-07
245154366,0.016103147,0.008051573298871517
244977675,0.18863465,0.09431732445955276
245066035,0.22359098,0.11179549247026443
245052495,0.24250627,0.1212531328201294
245161235,0.35289466,0.176447331905365
245117013,0.13931094,0.06965547055006027
245185113,0.0013925504,0.0006962752086110413
245092091,0.082277186,0.04113859310746193
244954960,0.0134332655,0.006716632749885321
244982113,0.014867867,0.007433933671563864
245045668,0.014170773,0.007085386663675308
245127689,0.037061956,0.01853097788989544
245160871,0.06917388,0.034586939960718155
244989621,0.11423886,0.05711942911148071
244945447,0.031371627,0.01568581350147724
239067290,0.18117052,0.09058526158332825
245010243,0.013943852,0.006971925962716341
245100136,0.18510634,0.09255316853523254
244981928,0.013663729,0.006831864360719919
245177600,0.09519194,0.04759597033262253
244948376,0.059217453,0.029608726501464844
128056006,0.08747722,0.04373861104249954
245174423,0.24888904,0.12444452196359634
245236878,0.14979582,0.07489790767431259
245127936,0.24891965,0.12445982545614243
241427297,0.005117022,0.002558510983362794
245192990,0.042476747,0.02123837359249592
245087299,0.0016686526,0.000834326317999512
245252260,0.07280898,0.03640449047088623
245089141,0.017967649,0.008983824402093887
245096727,0.09886899,0.049434494227170944
245021376,0.12475684,0.0623784214258194
244988818,0.22157776,0.11078888177871704
245146287,0.08905512,0.0445275604724884
245044399,0.10791239,0.05395619571208954
245043700,0.0020499523,0.0010249761398881674
125857499,0.22316809,0.11158404499292374
245229149,0.18652315,0.09326157718896866
244989200,0.33194214,0.1659710705280304
245125108,0.021027116,0.01051355805248022
245216787,0.02110059,0.010550295002758503
239601948,0.0648907,0.03244534879922867
245124778,0.09265695,0.04632847383618355
245054898,0.09441405,0.047207023948431015
245084788,0.046116572,0.02305828593671322
245252609,0.3547684,0.17738419771194458
245091295,0.021234192,0.010617095977067947
244984840,0.13217798,0.06608898937702179
245246381,0.16097851,0.08048925548791885
244988909,0.03243455,0.016217274591326714
245191124,0.26707116,0.13353557884693146
245152512,0.06512553,0.03256276622414589
245047913,0.033710737,0.01685536839067936
245196515,0.10212707,0.05106353387236595
245114650,0.10050008,0.050250038504600525
245207131,0.0013870674,0.0006935336859896779
245061014,0.057173185,0.02858659252524376
245206144,0.017960977,0.008980488404631615
245070813,0.028495118,0.014247559010982513
245091226,0.12978293,0.06489146500825882
245212741,0.08935782,0.044678911566734314
245113474,0.2591675,0.12958374619483948
245216857,0.17951366,0.08975683152675629
245086101,0.00053800846,0.0002690042310860008
242108587,0.30527848,0.152639240026474
245098358,0.0007578243,0.00037891214014962316
245100354,0.0036549969,0.0018274984322488308
245075032,0.12745756,0.06372877955436707
244514993,0.0007052547,0.00035262733581475914
245122658,0.24711001,0.1235550045967102
245241237,0.0011221643,0.0005610821535810828
245033187,0.01432607,0.0071630352176725864
245036088,0.17182317,0.0859115868806839
245127138,0.13512732,0.06756366044282913
245230977,0.15392327,0.07696163654327393
125637261,0.031083986,0.015541993081569672
244966244,0.28637657,0.14318828284740448
245191889,0.29487348,0.1474367380142212
230510806,0.17410396,0.08705198019742966
245135734,0.009981765,0.004990882705897093
244945959,0.08195893,0.04097946360707283
245180993,0.0015752383,0.0007876191521063447
232579258,0.13068676,0.06534337997436523
244967967,0.074237354,0.03711867704987526
245003204,0.20243122,0.10121560841798782
245145242,0.12216713,0.06108356639742851
245064965,0.08828963,0.04414481669664383
245037672,0.17325248,0.08662623912096024
245184928,0.023959136,0.01197956781834364
245161299,0.07977622,0.039888110011816025
245252211,0.20882943,0.10441471636295319
245099000,0.2510863,0.12554314732551575
244956347,0.01208812,0.006044059991836548
245248101,0.15999478,0.07999739050865173
245117359,0.19742465,0.09871232509613037
245118798,0.14986241,0.07493120431900024
240674542,0.08795911,0.04397955536842346
243411946,0.19921681,0.0996084064245224
245176449,0.274712,0.1373559981584549
245095918,0.22996068,0.11498034000396729
244997072,0.034409873,0.01720493659377098
123305025,0.016977835,0.008488917723298073
245113645,0.027662568,0.013831283897161484
245100430,0.12386565,0.061932824552059174
245122419,0.060868695,0.030434347689151764
245181416,0.025599262,0.012799630872905254
244960559,0.122593306,0.061296653002500534
245140943,0.028024167,0.014012083411216736
245118023,0.26981124,0.1349056214094162
123076985,0.29638213,0.14819106459617615
245146408,0.17665325,0.08832662552595139
245259113,0.18417762,0.09208881109952927
245111803,0.21857892,0.10928945988416672
245113114,0.06622286,0.03311143070459366
245167141,0.023151029,0.011575514450669289
128668065,0.25150552,0.1257527619600296
245147024,0.0030421591,0.0015210795681923628
245170509,0.024593659,0.012296829372644424
245109906,0.0065095965,0.0032547982409596443
245213911,0.27136615,0.135683074593544
245098061,0.10463464,0.05231732130050659
245167380,0.04116086,0.020580429583787918
245172178,0.014981174,0.007490586955100298
245076253,0.00025299616,0.0001264980819541961
245070671,0.072761975,0.036380987614393234
239474933,0.2332758,0.11663790047168732
244959554,0.2076183,0.10380914807319641
245093227,0.011636339,0.005818169564008713
245109529,0.0446162,0.022308100014925003
125133995,0.2711583,0.1355791538953781
244946502,0.12637866,0.06318932771682739
245079098,0.07999824,0.03999911993741989
245186112,0.05811165,0.029055824503302574
129090216,0.17503266,0.08751633018255234
241335589,0.095710255,0.04785512760281563
244966914,0.17924353,0.08962176740169525
245155919,0.02107844,0.010539219714701176
245134457,0.025678782,0.012839390896260738
245112148,0.33417118,0.16708558797836304
244797238,0.35219035,0.1760951727628708
240061250,0.0035661585,0.0017830792348831892
245011544,0.063243754,0.03162187710404396
245097386,0.15350881,0.07675440609455109
245142107,0.059588082,0.02979404106736183
245090219,0.20330882,0.10165441036224365
245241642,0.0050155665,0.0025077832397073507
245051329,0.05499111,0.027495555579662323
245102528,0.24328724,0.12164361774921417
244588530,0.13844557,0.06922278553247452
245172910,0.0058333534,0.002916676690801978
245092246,0.19377182,0.09688591212034225
245133730,0.19919606,0.09959802776575089
244991655,0.19483072,0.09741535782814026
245135058,0.34916118,0.17458058893680573
245037442,0.0011538666,0.0005769333220086992
245155695,0.114678234,0.05733911693096161
244985008,0.036432333,0.018216166645288467
245113956,0.32215098,0.16107548773288727
245060681,0.26756698,0.1337834894657135
245152705,0.2225675,0.11128374934196472
245109764,0.29757762,0.14878880977630615
226725426,0.036371484,0.01818574219942093
245155678,0.1043113,0.05215565115213394
245113613,0.0023843108,0.0011921554105356336
245154493,0.20467368,0.1023368388414383
245001600,0.15694559,0.0784727931022644
244953146,0.0025655436,0.0012827718164771795
229984071,0.11628831,0.05814415588974953
245086319,0.11163315,0.05581657588481903
245221598,0.025749156,0.01287457812577486
245115218,0.15647946,0.07823973149061203
244954494,0.015460229,0.00773011427372694
245190921,0.008895028,0.004447514191269875
245152666,0.05961582,0.029807910323143005
244994659,0.005799908,0.0028999540954828262
245247523,0.25429958,0.1271497905254364
245060970,0.006287271,0.003143635578453541
125652130,0.24337524,0.1216876208782196
245128723,0.032519836,0.016259917989373207
241255734,0.19364043,0.09682021290063858
245121005,0.019626008,0.009813004173338413
245171549,0.015955407,0.007977703586220741
245122905,0.0011725896,0.0005862948019057512
245092118,0.24395908,0.12197954207658768
245162029,0.0013866079,0.0006933039403520525
245027842,0.0050415806,0.002520790323615074
245229020,0.009111923,0.004555961582809687
125746000,0.0020578103,0.0010289051569998264
245173300,0.09269002,0.04634501039981842
245074901,0.012332011,0.006166005507111549
245208089,0.3340199,0.16700994968414307
245120940,0.02359502,0.011797510087490082
245146571,0.23841828,0.11920914053916931
245216795,0.07898652,0.03949325904250145
244961124,0.100655265,0.05032763257622719
245022833,0.15747932,0.07873965799808502
244944634,0.29096228,0.145481139421463
241013620,0.04256632,0.021283160895109177
245186409,0.2318122,0.11590609699487686
245141516,0.016474146,0.008237073197960854
229999012,0.10994336,0.05497168004512787
245178745,0.028776336,0.01438816823065281
245160706,0.00085353834,0.0004267691692803055
130673714,0.1347676,0.06738380342721939
245096001,0.26517877,0.13258938491344452
245195504,0.056367483,0.028183741495013237
244930781,0.0796716,0.03983579948544502
245109224,0.12948978,0.06474488973617554
245145198,0.04333804,0.021669020876288414
245085379,0.13718146,0.06859073042869568
245040488,0.019539697,0.009769848547875881
244277622,0.18152797,0.09076398611068726
245206861,0.17207909,0.08603954315185547
242938701,0.105064996,0.05253249779343605
244963197,0.018594272,0.009297136217355728
245170901,0.020858835,0.010429417714476585
245129377,0.0036379166,0.0018189583206549287
245244735,0.06525308,0.03262653946876526
245179910,0.2716529,0.1358264535665512
245103618,2.4549145e-05,1.2274572327442002e-05
244969026,0.0012409106,0.0006204553064890206
245205891,0.036928564,0.018464282155036926
245026053,0.09922293,0.04961146414279938
245027211,0.035203684,0.017601842060685158
245030691,0.051148303,0.025574151426553726
245002399,0.05450554,0.027252769097685814
244950844,0.044921845,0.022460922598838806
245039419,0.066809274,0.0334046371281147
245060577,0.03101568,0.015507839620113373
245216971,0.3213753,0.160687655210495
245079332,0.21948202,0.10974100977182388
245195558,0.16747983,0.08373991400003433
239016741,0.07209334,0.03604666888713837
245205015,0.017798554,0.008899277076125145
245070234,0.114686534,0.057343266904354095
244998736,0.045447934,0.02272396720945835
245096593,0.034899015,0.017449507489800453
245140681,0.022943815,0.01147190760821104
245081002,0.020254714,0.010127357207238674
245159824,0.0028371327,0.0014185663312673569
245180336,0.25778115,0.12889057397842407
245108961,0.056140218,0.028070108965039253
245211300,0.101331964,0.05066598206758499
245080585,0.07229869,0.036149345338344574
245108482,0.22136083,0.11068041622638702
245124874,0.17301728,0.08650863915681839
245017985,0.24145241,0.12072620540857315
245166324,0.0005440398,0.00027201991179026663
245236012,0.010372972,0.005186486057937145
245202470,0.03204787,0.01602393575012684
245041649,0.34304172,0.17152085900306702
245195418,0.00081671594,0.00040835796971805394
245205581,0.075581126,0.03779056295752525
245041388,0.060010433,0.030005216598510742
245002908,0.27807012,0.13903506100177765
245119120,0.0056651626,0.002832581289112568
245176908,0.013702225,0.006851112470030785
245047967,0.3232272,0.1616135984659195
245149971,0.25299418,0.1264970898628235
245102812,0.048584655,0.02429232746362686
227117606,0.18820174,0.09410087019205093
245056800,0.14005177,0.07002588361501694
245057464,0.0016813027,0.0008406513370573521
242575537,0.094992,0.047495998442173004
245095777,0.005513887,0.0027569434605538845
242331177,0.08225305,0.04112652316689491
245048150,0.08802125,0.044010624289512634
245194566,0.0011533058,0.0005766528774984181
244964867,0.017633682,0.008816841058433056
245112955,0.040575992,0.020287996158003807
244971834,0.14835481,0.07417740672826767
245170811,0.005824097,0.0029120484832674265
245226281,0.030842463,0.015421231277287006
245269934,0.08886287,0.04443143680691719
244954071,0.10163455,0.05081727355718613
245023223,0.015924038,0.007962019182741642
245013840,0.060168944,0.03008447214961052
245115128,0.25734687,0.12867343425750732
245093346,0.12476108,0.06238054111599922
245033117,0.04783596,0.02391798049211502
245131000,0.32255444,0.16127721965312958
245102496,0.0020898478,0.0010449239052832127
245046266,0.034836657,0.017418328672647476
245226688,0.027811952,0.013905975967645645
232425493,0.20641512,0.1032075583934784
245129327,0.11078633,0.05539316684007645
245156872,0.059694476,0.029847238212823868
245114667,0.035435274,0.0177176371216774
245173002,0.096577704,0.04828885197639465
245063824,0.015671024,0.007835512049496174
245130788,0.063820496,0.0319102481007576
245082308,0.19798619,0.09899309277534485
245041843,0.02205419,0.011027094908058643
245108318,0.22952113,0.11476056277751923
245107518,0.0059210886,0.0029605443123728037
245152751,0.05070719,0.02535359561443329
231733959,0.03771639,0.01885819435119629
245113044,0.20595104,0.1029755175113678
245190294,0.023738327,0.011869163252413273
244964781,0.29707175,0.14853587746620178
125028230,0.27338412,0.13669206202030182
239512149,0.117934294,0.05896714702248573
243866115,0.068893135,0.03444656729698181
245185056,0.06008493,0.030042465776205063
232439390,0.13689725,0.06844862550497055
244974543,0.030493377,0.015246688388288021
245187329,0.013800355,0.006900177337229252
245100801,0.06643503,0.03321751579642296
245180725,0.04947397,0.024736985564231873
245082032,0.29030818,0.14515408873558044
245231409,0.0004451299,0.00022256495140027255
245060086,0.08804805,0.0440240241587162
245064424,0.009004458,0.004502228926867247
245098446,0.028546195,0.014273097738623619
245150432,0.001303808,0.0006519039743579924
245165681,0.015523516,0.00776175782084465
245074697,0.022687536,0.011343767866492271
245197287,0.17667672,0.08833836019039154
228411684,0.21147719,0.10573859512805939
245165249,0.26773262,0.1338663101196289
245080246,0.017047787,0.008523893542587757
245160246,0.21491866,0.10745932906866074
245138556,0.25060788,0.1253039389848709
245114580,0.2122386,0.1061192974448204
245064449,0.093509726,0.0467548631131649
245202131,0.1481008,0.07405039668083191
245180098,0.0035926413,0.0017963206628337502
126186263,0.35215437,0.17607718706130981
245036031,0.006924816,0.003462407970800996
245092130,0.31692612,0.15846306085586548
245093012,0.017927174,0.008963586762547493
245141189,0.25821006,0.12910503149032593
245082142,0.015708935,0.007854467257857323
245097376,0.19030124,0.09515061974525452
245102412,0.06592292,0.03296146169304848
242265546,0.25571597,0.1278579831123352
245103289,0.0078143915,0.003907195758074522
245212369,0.009618823,0.004809411708265543
245248495,0.035283446,0.017641723155975342
245252212,0.0814862,0.04074310138821602
245109844,0.36151448,0.18075723946094513
245025486,0.20048311,0.10024155676364899
242583134,0.00208913,0.0010445649968460202
244989354,0.07466376,0.03733187913894653
242139392,0.15705319,0.07852659374475479
245073628,0.11994659,0.05997329577803612
245186728,0.029782986,0.014891493134200573
245035662,0.093843475,0.0469217374920845
245166636,0.033964846,0.0169824231415987
245145699,0.011819212,0.005909605883061886
245265140,0.033632766,0.016816383227705956
245046219,0.33000466,0.16500233113765717
245079994,0.14016968,0.0700848400592804
245120380,0.065498054,0.032749027013778687
245147943,0.052217264,0.0261086318641901
245113588,0.0063467626,0.0031733813229948282
245202221,0.26948938,0.13474468886852264
245181576,0.09619763,0.048098813742399216
243173021,0.27308118,0.13654059171676636
245111600,0.045799416,0.022899707779288292
245059357,0.14048372,0.07024186104536057
245080700,0.32661784,0.16330891847610474
245169754,0.10585268,0.05292633920907974
245229722,0.07410678,0.037053391337394714
245060551,0.068537936,0.03426896780729294
245033338,0.012738231,0.0063691153191030025
245224846,0.18648314,0.09324157238006592
245206687,0.16674809,0.08337404578924179
245185718,0.06564153,0.03282076492905617
245064506,0.17949277,0.0897463858127594
245120341,0.025170118,0.012585058808326721
245147827,0.07978464,0.03989231958985329
237976547,0.2854631,0.14273154735565186
245073783,0.0132899545,0.006644977256655693
245076352,0.15350737,0.07675368338823318
245247439,0.09509743,0.04754871502518654
233098238,0.045944862,0.022972431033849716
245051489,0.26292577,0.13146288692951202
245125157,0.0024456158,0.001222807914018631
245101417,0.023178931,0.011589465662837029
245146648,0.037945326,0.018972663208842278
245205838,0.015097375,0.0075486875139176846
245121055,0.36224225,0.1811211258172989
245090144,0.21690226,0.10845112800598145
245141340,0.13358654,0.06679327040910721
245064148,0.13633099,0.06816549599170685
245042444,0.16450946,0.08225473016500473
245191639,0.012916649,0.006458324380218983
245080721,0.027260825,0.013630412518978119
223699200,0.090969265,0.04548463225364685
245228741,0.068975985,0.03448799252510071
245226779,0.0045095677,0.0022547838743776083
245145746,0.083446786,0.04172339290380478
241678991,0.31718042,0.15859021246433258
245171185,0.19925989,0.0996299460530281
245242002,0.006133556,0.003066777950152755
245236757,0.07802258,0.039011288434267044
245040289,0.12445061,0.062225304543972015
245160514,0.05444793,0.027223965153098106
245078913,0.0057480005,0.0028740002308040857
244953133,0.067076035,0.03353801742196083
245080143,0.0078108166,0.0039054083172231913
245116664,0.0380667,0.01903335005044937
245205961,0.051097415,0.02554870769381523
245164664,0.049345206,0.024672603234648705
239426977,0.16418862,0.08209431171417236
245185719,0.0046509053,0.002325452631339431
245184973,0.04226597,0.02113298512995243
245191350,0.16643426,0.08321712911128998
245102487,0.1687321,0.08436605334281921
245134003,0.12377836,0.061889179050922394
245006211,0.23697026,0.11848513036966324
245060428,0.005573888,0.0027869439218193293
245225855,0.107746266,0.05387313291430473
