UNIQUE_ID,r_pred,r_pred_25
245203329,0.36699662,0.0917491540312767
245255130,0.6521434,0.16303585469722748
245127268,0.37178484,0.09294620901346207
245117275,0.5259202,0.13148005306720734
231615474,0.55434114,0.13858528435230255
245225283,0.42791405,0.10697851330041885
125594054,0.55228126,0.13807031512260437
245217086,0.5288323,0.13220807909965515
245101153,0.4732125,0.11830312758684158
245129097,0.5443142,0.13607855141162872
232621120,0.58667785,0.14666946232318878
244994904,0.56398135,0.1409953385591507
244991647,0.57022595,0.14255648851394653
245185380,0.4381105,0.10952762514352798
245091989,0.44808203,0.11202050745487213
245096151,0.31630743,0.0790768563747406
245079388,0.5799777,0.14499442279338837
240065100,0.32658437,0.08164609223604202
245144704,0.6049025,0.15122562646865845
245026619,0.28450215,0.07112553715705872
244961199,0.5887881,0.14719702303409576
244997505,0.53571147,0.1339278668165207
245085194,0.40560573,0.1014014333486557
245229461,0.60297424,0.15074355900287628
245192188,0.5757644,0.14394110441207886
240788520,0.49254102,0.12313525378704071
245206968,0.51469207,0.1286730170249939
245061530,0.30693346,0.07673336565494537
245216887,0.44351542,0.1108788549900055
245152282,0.5124389,0.12810972332954407
242906329,0.48469087,0.1211727187037468
245061918,0.5902819,0.14757047593593597
245108959,0.55273646,0.13818411529064178
245112638,0.5649194,0.14122985303401947
245015823,0.43415254,0.10853813588619232
245124580,0.53693455,0.13423363864421844
245100656,0.3980709,0.09951772540807724
245136772,0.57067657,0.14266914129257202
245235524,0.3014185,0.07535462826490402
245161993,0.4929982,0.12324955314397812
245134725,0.6255923,0.15639807283878326
245073284,0.41947228,0.10486806929111481
241596047,0.3613316,0.09033290296792984
244989748,0.44144806,0.11036201566457748
245155947,0.44499812,0.11124952882528305
245191383,0.37790582,0.09447645395994186
242882075,0.4759548,0.11898870021104813
245098533,0.42836437,0.10709109157323837
245015148,0.58641696,0.1466042399406433
245219956,0.5605427,0.14013567566871643
245088777,0.41726273,0.10431568324565887
245119643,0.41038635,0.10259658843278885
245204977,0.5246521,0.13116303086280823
245026002,0.50332516,0.12583129107952118
245186977,0.43696675,0.10924168676137924
245107170,0.5528056,0.13820140063762665
242129605,0.43988025,0.10997006297111511
241092454,0.40114063,0.10028515756130219
245206667,0.5589145,0.1397286206483841
245268078,0.57408315,0.143520787358284
245023532,0.56739545,0.1418488621711731
245094068,0.39399406,0.09849851578474045
245085430,0.46653804,0.11663451045751572
244231855,0.56432396,0.14108099043369293
245230120,0.43334913,0.10833728313446045
245075574,0.5865357,0.14663392305374146
245211362,0.61129117,0.15282279253005981
245171693,0.5702011,0.1425502747297287
235264448,0.5364239,0.13410598039627075
245161169,0.47877383,0.11969345808029175
121734656,0.63037014,0.1575925350189209
245059555,0.31033516,0.07758378982543945
245085433,0.35386628,0.0884665697813034
245002512,0.5051412,0.12628529965877533
244967670,0.5141747,0.1285436749458313
245153046,0.26411176,0.0660279393196106
245107641,0.520636,0.13015900552272797
245122304,0.6000208,0.15000520646572113
245117338,0.57663083,0.14415770769119263
245173199,0.30759642,0.07689910382032394
245113639,0.46313512,0.11578378081321716
245220684,0.48149246,0.12037311494350433
245264854,0.26610428,0.06652607023715973
245222868,0.47454414,0.11863603442907333
245242755,0.26264778,0.0656619444489479
244991167,0.5206612,0.13016529381275177
245102091,0.380289,0.09507224708795547
226381273,0.58819157,0.14704789221286774
245198315,0.39705193,0.09926298260688782
245080148,0.36704266,0.09176066517829895
245160740,0.37186545,0.09296636283397675
245135781,0.34721652,0.08680412918329239
245171317,0.6371605,0.1592901200056076
244964930,0.5620057,0.14050142467021942
245196443,0.29750824,0.07437705993652344
241986635,0.5903894,0.14759734272956848
245090631,0.5075413,0.126885324716568
245195860,0.4512142,0.11280354857444763
245195035,0.55511963,0.1387799084186554
245080520,0.51434875,0.12858718633651733
245065637,0.43182844,0.10795710980892181
245207664,0.5276102,0.1319025456905365
245237160,0.49657091,0.12414272874593735
245068278,0.570467,0.14261674880981445
229905162,0.53623605,0.13405901193618774
244952052,0.46872467,0.11718116700649261
245083894,0.56979126,0.1424478143453598
245141551,0.53131425,0.13282856345176697
245168959,0.40597403,0.10149350762367249
238696423,0.6524577,0.16311442852020264
245123873,0.43583483,0.10895870625972748
245033641,0.29743615,0.07435903698205948
245118814,0.43465352,0.10866338014602661
244960688,0.3730967,0.09327417612075806
245122164,0.5362614,0.13406534492969513
245122398,0.40300775,0.10075193643569946
245100898,0.38405755,0.09601438790559769
245202774,0.4965632,0.12414079904556274
245226141,0.50980914,0.1274522840976715
244519934,0.47288546,0.11822136491537094
245135578,0.58489555,0.14622388780117035
231415841,0.5541629,0.13854072988033295
244987651,0.49858707,0.12464676797389984
245081608,0.58678025,0.1466950625181198
245226067,0.3825442,0.0956360474228859
245139162,0.5818918,0.1454729437828064
235890812,0.46383232,0.1159580796957016
234973763,0.5797043,0.1449260711669922
245151808,0.55456257,0.1386406421661377
245167774,0.4487457,0.11218642443418503
233048109,0.5239321,0.13098302483558655
245075734,0.5328932,0.133223295211792
245222606,0.43527564,0.1088189110159874
245071110,0.6261255,0.15653137862682343
245096120,0.4979686,0.12449215352535248
245091492,0.43235278,0.10808819532394409
245073955,0.47329476,0.11832369118928909
242971856,0.57244444,0.14311110973358154
245171593,0.42543188,0.10635796934366226
245217078,0.3743825,0.09359562397003174
245084897,0.37758222,0.09439555555582047
245094067,0.38995585,0.09748896211385727
245207928,0.52455384,0.13113845884799957
245113575,0.29582345,0.07395586371421814
120606170,0.5027262,0.1256815493106842
245166592,0.4863793,0.12159482389688492
241995384,0.5520385,0.13800962269306183
245225261,0.4439783,0.11099457740783691
245211902,0.3615648,0.09039119631052017
245198486,0.467339,0.11683475226163864
244957600,0.4444744,0.11111859977245331
244945087,0.64848435,0.16212108731269836
245066239,0.56436044,0.14109010994434357
245094164,0.5561937,0.13904842734336853
245060967,0.5751049,0.14377622306346893
245057242,0.50086474,0.12521618604660034
245141898,0.5025153,0.12562882900238037
245160608,0.5150836,0.12877090275287628
245133624,0.5732326,0.1433081477880478
245159588,0.34130445,0.08532611280679703
244982626,0.5284593,0.13211482763290405
236796233,0.6238812,0.15597030520439148
239598404,0.4869637,0.12174092233181
125984614,0.49239925,0.12309981137514114
245178847,0.5685282,0.14213204383850098
245172978,0.5956231,0.14890576899051666
244973425,0.49343035,0.12335758656263351
245105628,0.5450789,0.1362697184085846
245051032,0.532206,0.13305149972438812
245050623,0.5555264,0.1388815939426422
239173408,0.5394406,0.13486014306545258
245046720,0.47215384,0.11803846061229706
245085652,0.35098854,0.08774713426828384
245084645,0.57609135,0.1440228372812271
245032916,0.5756846,0.1439211517572403
244961466,0.49885595,0.12471398711204529
245112206,0.50023925,0.1250598132610321
244967460,0.4855944,0.12139859795570374
235137680,0.67731017,0.1693275421857834
245176733,0.4740623,0.11851557344198227
245036746,0.5399287,0.134982168674469
239583219,0.22181761,0.055454403162002563
244959938,0.41817954,0.10454488545656204
245064301,0.68762857,0.17190714180469513
245030127,0.5468989,0.13672472536563873
245105553,0.4861508,0.1215377002954483
245187705,0.42160782,0.10540195554494858
245169510,0.46819413,0.11704853177070618
245220226,0.40801054,0.10200263559818268
244995123,0.2760558,0.06901395320892334
244958839,0.6210834,0.15527084469795227
245142309,0.5428352,0.1357087939977646
244992910,0.47938392,0.11984597891569138
245035199,0.41485122,0.10371280461549759
245084500,0.60181135,0.15045283734798431
245123538,0.34970924,0.08742731064558029
245069812,0.5159572,0.1289892941713333
245085490,0.45786175,0.11446543782949448
245023516,0.27736393,0.06934098154306412
239474138,0.35588843,0.08897210657596588
244945589,0.5459283,0.13648207485675812
245144452,0.55084985,0.13771246373653412
125329969,0.5426705,0.135667622089386
245052007,0.4228638,0.10571595281362534
245274271,0.25503924,0.06375981122255325
245041333,0.4739053,0.11847632378339767
245202022,0.51824355,0.12956088781356812
234596175,0.54835325,0.13708831369876862
245100055,0.42735153,0.10683788359165192
245008235,0.40962937,0.10240734368562698
245247172,0.56346,0.1408649981021881
245175413,0.56965464,0.1424136608839035
244930818,0.5564629,0.13911572098731995
245187838,0.37802437,0.09450609236955643
124007943,0.5458867,0.1364716738462448
244154418,0.52254874,0.13063718378543854
243391758,0.47370812,0.11842703074216843
245067180,0.44668758,0.11167189478874207
245074836,0.41762,0.1044050008058548
245022456,0.53300655,0.1332516372203827
245111982,0.5900258,0.147506445646286
245116968,0.516064,0.1290159970521927
237890259,0.51045346,0.127613365650177
245216267,0.58342594,0.14585648477077484
245033005,0.6643469,0.16608671844005585
245142020,0.5225161,0.1306290179491043
245154622,0.40953922,0.10238480567932129
245155605,0.46537358,0.11634339392185211
244968611,0.4818124,0.12045309692621231
245181078,0.4823626,0.12059064954519272
245130587,0.4862004,0.12155009806156158
245171531,0.44959402,0.11239850521087646
245117360,0.46363452,0.11590863019227982
240008381,0.38046914,0.09511728584766388
245144743,0.43953684,0.10988420993089676
245191877,0.34153935,0.08538483828306198
241774483,0.4960122,0.12400305271148682
245060802,0.57624215,0.14406053721904755
244981584,0.33510152,0.08377537876367569
245226461,0.46942154,0.11735538393259048
245227768,0.52483994,0.13120998442173004
244935805,0.3638373,0.0909593254327774
245174356,0.48474085,0.12118521332740784
244961587,0.55143297,0.13785824179649353
245152675,0.56836706,0.142091765999794
244987969,0.3770233,0.09425582736730576
235593398,0.3420682,0.0855170488357544
245109100,0.451272,0.11281800270080566
245243020,0.65935457,0.16483864188194275
245051900,0.44303882,0.11075970530509949
245145842,0.38375127,0.0959378182888031
245166261,0.5033241,0.1258310228586197
243009966,0.6063806,0.15159514546394348
245033630,0.5049578,0.12623944878578186
245102047,0.44081885,0.11020471155643463
245192771,0.52946013,0.13236503303050995
245116833,0.5290078,0.13225194811820984
244987529,0.33927432,0.08481857925653458
133910211,0.41739196,0.10434798896312714
235384583,0.44980714,0.11245178431272507
245179347,0.21249175,0.05312293767929077
245057767,0.37333444,0.09333360940217972
245052570,0.24888457,0.06222114339470863
245133853,0.57522774,0.14380693435668945
244163154,0.52739537,0.13184884190559387
245165790,0.59908956,0.14977239072322845
244977803,0.47344157,0.11836039274930954
244964512,0.55388886,0.13847221434116364
245211118,0.48022193,0.12005548179149628
241982151,0.20274386,0.05068596452474594
245171841,0.5446532,0.13616329431533813
245108656,0.32330245,0.08082561194896698
245127759,0.5733894,0.1433473527431488
245167396,0.48575377,0.12143844366073608
244998858,0.29368,0.07342000305652618
245122791,0.53955406,0.13488851487636566
245135827,0.5555886,0.1388971507549286
245212311,0.44498992,0.1112474799156189
245064642,0.56249565,0.14062391221523285
245186537,0.594,0.148499995470047
245212797,0.61934716,0.15483678877353668
232417855,0.53805697,0.1345142424106598
245109472,0.4071377,0.10178442299365997
245170685,0.4556454,0.11391135305166245
245152712,0.40014973,0.10003743320703506
245155989,0.44308883,0.11077220737934113
245162263,0.44993463,0.11248365789651871
244937136,0.5920807,0.1480201780796051
240572063,0.4727898,0.11819744855165482
241590422,0.5193448,0.12983620166778564
245146550,0.56717587,0.14179396629333496
245115005,0.34601313,0.0865032821893692
245119568,0.48687688,0.12171921879053116
245073402,0.35746145,0.08936536312103271
245067514,0.2905112,0.07262779772281647
245207393,0.5258617,0.13146542012691498
244985780,0.54957414,0.1373935341835022
245127407,0.59222883,0.14805720746517181
245144067,0.4980358,0.12450894713401794
245005985,0.48274952,0.12068738043308258
245261354,0.3934192,0.09835480153560638
245130791,0.47504103,0.11876025795936584
124682173,0.55170417,0.13792604207992554
245139710,0.5620375,0.14050938189029694
245081195,0.48816818,0.12204204499721527
239610576,0.43090495,0.10772623866796494
245065609,0.45096996,0.11274249106645584
245107770,0.5897364,0.14743410050868988
231025818,0.5697364,0.14243410527706146
245001973,0.5580674,0.13951684534549713
245154953,0.4009276,0.10023190081119537
242288245,0.43253866,0.1081346645951271
245170974,0.42215782,0.10553945600986481
245211889,0.3967233,0.09918082505464554
245146406,0.20746598,0.05186649411916733
245046316,0.5299462,0.13248655200004578
244973608,0.32539654,0.08134913444519043
245224795,0.58570725,0.14642681181430817
245114880,0.45730773,0.11432693153619766
245148232,0.35332334,0.08833083510398865
245224739,0.5872671,0.14681677520275116
245133746,0.56022936,0.14005734026432037
244935111,0.31045723,0.07761430740356445
245225154,0.39895943,0.09973985701799393
245056028,0.4895118,0.12237794697284698
244937351,0.4149342,0.10373354703187943
245129209,0.4649275,0.11623187363147736
245242184,0.5847381,0.1461845189332962
245096878,0.57303375,0.14325843751430511
245140781,0.30170828,0.07542707026004791
245179913,0.4903711,0.12259277701377869
245166714,0.5726328,0.1431581974029541
241338401,0.4429982,0.11074955016374588
245108549,0.5489289,0.1372322291135788
245062166,0.44538352,0.11134587973356247
245080593,0.23054834,0.057637084275484085
245085604,0.591009,0.14775225520133972
245150844,0.5943216,0.148580402135849
245086075,0.56344867,0.14086216688156128
242521272,0.4489867,0.11224667727947235
245008120,0.40867618,0.10216904431581497
245206276,0.20854834,0.05213708430528641
245206550,0.6609864,0.1652466058731079
236248808,0.2593512,0.06483779847621918
245113043,0.39440125,0.09860031306743622
245007561,0.3578792,0.0894697979092598
245207838,0.6028622,0.15071554481983185
245260439,0.49471295,0.12367823719978333
245260360,0.54258996,0.1356474906206131
228365169,0.42021722,0.10505430400371552
245150901,0.49969685,0.12492421269416809
245092816,0.4239786,0.10599464923143387
245075073,0.5242752,0.13106879591941833
245123687,0.5032787,0.12581966817378998
245175066,0.485622,0.12140549719333649
245059991,0.4110314,0.10275784879922867
245208539,0.61162907,0.15290726721286774
245033144,0.5645668,0.14114169776439667
245148020,0.5433868,0.13584670424461365
232121707,0.5315438,0.13288594782352448
245167432,0.5181085,0.12952712178230286
244965338,0.4823249,0.12058122456073761
245086817,0.4141488,0.10353720188140869
244049660,0.38976818,0.09744204580783844
245147493,0.61348647,0.15337161719799042
245112222,0.59972125,0.14993031322956085
244169670,0.45913795,0.11478448659181595
245152065,0.5554669,0.13886672258377075
231577651,0.6215151,0.1553787738084793
245115076,0.40152395,0.10038098692893982
245096766,0.39945996,0.09986498951911926
242445320,0.39391378,0.09847844392061234
245175044,0.4597291,0.11493227630853653
244950168,0.5266228,0.13165569305419922
244662308,0.52922463,0.13230615854263306
245185561,0.41200054,0.10300013422966003
245128464,0.5980234,0.1495058536529541
244998661,0.5087847,0.12719617784023285
245216637,0.45320183,0.11330045759677887
245196796,0.47340244,0.11835061013698578
245042622,0.46608764,0.1165219098329544
245192112,0.49131936,0.12282983958721161
245074457,0.38127783,0.09531945735216141
245043553,0.31944183,0.07986045628786087
245144693,0.4237689,0.10594222694635391
245245395,0.6155018,0.1538754552602768
245005546,0.5320621,0.13301552832126617
245012886,0.5209683,0.13024207949638367
245179112,0.5312268,0.1328067034482956
244982410,0.46603444,0.1165086105465889
245169787,0.5732335,0.1433083713054657
245078756,0.5684867,0.14212167263031006
245102007,0.3980875,0.09952187538146973
245196538,0.47987035,0.11996758729219437
245181016,0.44941992,0.11235497891902924
245090762,0.45969692,0.11492422968149185
245091951,0.57203156,0.14300788938999176
245133544,0.37748557,0.09437139332294464
243026936,0.52642703,0.13160675764083862
245057316,0.3802606,0.0950651466846466
245067678,0.558592,0.13964800536632538
245166152,0.5987292,0.14968229830265045
126151038,0.39701885,0.09925471246242523
244956242,0.520379,0.1300947517156601
245165734,0.5124081,0.12810201942920685
245031549,0.49165145,0.12291286140680313
245226045,0.3126435,0.07816087454557419
245166680,0.32613143,0.08153285831212997
245124740,0.57844377,0.1446109414100647
245151354,0.5020603,0.12551507353782654
242758897,0.57337505,0.1433437615633011
245195133,0.56527805,0.14131951332092285
245175161,0.5425307,0.1356326788663864
245093196,0.4182941,0.10457352548837662
245179789,0.4593955,0.11484887450933456
244940132,0.35302144,0.08825536072254181
245129649,0.32475576,0.08118893951177597
236698490,0.55120605,0.13780151307582855
245139317,0.50799894,0.12699973583221436
245187519,0.5623242,0.14058105647563934
244968095,0.34598204,0.08649551123380661
245060055,0.38314718,0.09578679502010345
244964945,0.50676066,0.12669016420841217
245205120,0.49183455,0.12295863777399063
245028135,0.60196555,0.1504913866519928
245113960,0.40715462,0.10178865492343903
245081230,0.47928363,0.11982090771198273
244957163,0.58533216,0.14633303880691528
245043116,0.48019132,0.12004783004522324
244979226,0.5033868,0.12584669888019562
245254661,0.57561624,0.14390406012535095
245186049,0.6128931,0.15322327613830566
245122312,0.54167664,0.13541916012763977
245081120,0.5512229,0.1378057301044464
245086156,0.403924,0.10098099708557129
244984721,0.4609894,0.11524734646081924
245056367,0.55895877,0.13973969221115112
128131161,0.41071153,0.10267788171768188
245146740,0.4901642,0.12254104763269424
244956008,0.58702356,0.1467558890581131
245032461,0.6439511,0.16098777949810028
245000497,0.561242,0.14031049609184265
240626947,0.2724039,0.06810097396373749
245175423,0.53639513,0.13409878313541412
244953027,0.53004533,0.13251133263111115
244984652,0.51392,0.12848000228405
245130237,0.5776262,0.14440655708312988
245207344,0.61498266,0.15374566614627838
245070991,0.49314225,0.12328556180000305
235944592,0.48903573,0.12225893139839172
245090473,0.36795104,0.09198775887489319
245178750,0.5332976,0.13332439959049225
245256600,0.5272754,0.13181884586811066
229824893,0.2561116,0.06402789801359177
235093889,0.45959616,0.11489903926849365
245226027,0.36096087,0.09024021774530411
245156124,0.42036638,0.10509159415960312
245016647,0.5770924,0.14427310228347778
245187516,0.60423476,0.15105868875980377
245174649,0.6008464,0.15021160244941711
242791077,0.45397016,0.11349254101514816
245106871,0.5351301,0.1337825208902359
238849888,0.40566307,0.10141576826572418
245155312,0.54972816,0.1374320387840271
244410361,0.5588213,0.1397053301334381
245012501,0.48833182,0.12208295613527298
245150887,0.40803552,0.1020088791847229
245086023,0.33269703,0.08317425847053528
245117486,0.57202375,0.14300593733787537
245051308,0.36983204,0.09245800971984863
245125071,0.59735376,0.14933843910694122
245116708,0.44442475,0.11110618710517883
245108955,0.41299728,0.10324931889772415
245005321,0.618385,0.1545962542295456
245037060,0.5254867,0.13137167692184448
232295671,0.5846119,0.14615297317504883
245225046,0.5837422,0.1459355503320694
245047653,0.45993635,0.11498408764600754
245060099,0.46845424,0.11711356043815613
245255482,0.5498731,0.13746827840805054
245265336,0.44757748,0.11189436912536621
245180139,0.45379195,0.11344798654317856
245051324,0.45884007,0.1147100180387497
245160450,0.568948,0.14223699271678925
245055023,0.6297568,0.1574392020702362
233995410,0.34550318,0.08637579530477524
244985047,0.4504562,0.11261405050754547
245166947,0.551623,0.13790574669837952
245067710,0.3300646,0.082516148686409
125092751,0.574689,0.14367224276065826
230177111,0.51113594,0.12778398394584656
244984990,0.35753226,0.089383065700531
120075759,0.36286503,0.09071625769138336
233263815,0.40879288,0.10219822078943253
244848623,0.46226448,0.11556611955165863
244292501,0.25712547,0.06428136676549911
245237284,0.4541479,0.11353697627782822
245127952,0.47396415,0.1184910386800766
239280277,0.39038846,0.09759711474180222
245079142,0.41462275,0.10365568846464157
245200691,0.42549205,0.10637301206588745
245118684,0.541654,0.1354134976863861
245171726,0.5024555,0.12561386823654175
237271787,0.4231553,0.10578882694244385
245041848,0.57588357,0.14397089183330536
245167147,0.55032736,0.13758184015750885
244967234,0.5801849,0.14504621922969818
245216205,0.3189336,0.07973340153694153
245242303,0.17033565,0.04258391261100769
245001660,0.3939192,0.09847979992628098
245087122,0.42056027,0.1051400676369667
236428235,0.57512695,0.14378173649311066
245007964,0.4235774,0.10589434951543808
245180077,0.5442517,0.13606292009353638
245235495,0.52848536,0.13212133944034576
240019554,0.5776386,0.1444096565246582
244947916,0.59139526,0.14784881472587585
245124554,0.55336237,0.13834059238433838
245136607,0.5494653,0.13736632466316223
245170368,0.48934704,0.12233676016330719
244985330,0.58878386,0.147195965051651
245205624,0.55702096,0.13925524055957794
245254444,0.42225066,0.10556266456842422
240764806,0.43114734,0.10778683423995972
244964757,0.40782207,0.10195551812648773
245130635,0.5684905,0.14212262630462646
245067068,0.35676378,0.08919094502925873
245152671,0.4136541,0.10341352224349976
245161977,0.4247068,0.1061766967177391
245052715,0.39634797,0.09908699244260788
245179298,0.5581395,0.1395348757505417
245037991,0.5810996,0.14527490735054016
245041314,0.5255808,0.13139520585536957
245089854,0.60852605,0.15213151276111603
245061753,0.57403934,0.14350983500480652
245067227,0.25390077,0.06347519159317017
245090239,0.35326618,0.08831654489040375
244786953,0.499551,0.12488774955272675
245017414,0.55706036,0.13926509022712708
245155431,0.6433657,0.1608414202928543
245111704,0.55989295,0.1399732381105423
245196208,0.45693225,0.11423306167125702
245064689,0.38947836,0.09736958891153336
244942310,0.35062444,0.08765611052513123
245156089,0.2374596,0.05936489999294281
241665246,0.35409483,0.08852370828390121
243179072,0.4560284,0.11400710046291351
245128148,0.34808496,0.08702123910188675
245208325,0.5157025,0.128925621509552
245225600,0.3730421,0.09326052665710449
245151143,0.53010374,0.13252593576908112
245060040,0.43295148,0.1082378700375557
240552567,0.46754497,0.11688624322414398
245066132,0.50026035,0.12506508827209473
245134095,0.5388928,0.13472320139408112
245012812,0.58892864,0.14723215997219086
243373481,0.311058,0.07776450365781784
245113922,0.54990983,0.13747745752334595
239567941,0.27334908,0.06833726912736893
244950418,0.61427706,0.1535692662000656
243405074,0.28243262,0.07060815393924713
245212492,0.6150256,0.15375639498233795
245057402,0.62601763,0.15650440752506256
245061568,0.57359844,0.14339961111545563
245073377,0.53340846,0.1333521157503128
245120470,0.62849826,0.1571245640516281
241109731,0.4018588,0.10046470165252686
245219245,0.53679496,0.13419874012470245
245179128,0.42966124,0.10741531103849411
245192848,0.57259816,0.14314953982830048
245135671,0.42659536,0.10664884001016617
245074029,0.37352833,0.0933820828795433
245083899,0.42292628,0.10573156923055649
245093453,0.44994283,0.11248570680618286
245032067,0.5881766,0.14704415202140808
245036012,0.50798064,0.12699516117572784
245151303,0.38608465,0.09652116149663925
245181839,0.48798865,0.1219971626996994
245247454,0.5172957,0.12932392954826355
245098106,0.44665596,0.11166398972272873
245225545,0.3052237,0.07630592584609985
245065788,0.53182447,0.1329561173915863
245057257,0.5089082,0.1272270530462265
245093550,0.45736718,0.11434179544448853
245124326,0.55470586,0.1386764645576477
230702492,0.33037382,0.08259345591068268
245202905,0.51817966,0.1295449137687683
240204764,0.5825423,0.14563557505607605
244290605,0.5379244,0.13448110222816467
245096579,0.30889833,0.07722458243370056
245078999,0.4392611,0.10981527715921402
245087708,0.5709837,0.14274592697620392
245107550,0.40183887,0.10045971721410751
244936350,0.6068156,0.15170389413833618
245134442,0.3293226,0.08233065158128738
245185674,0.44140893,0.11035223305225372
245087592,0.51405084,0.12851271033287048
245060886,0.46176004,0.1154400110244751
245119463,0.5350988,0.13377469778060913
245156412,0.4419548,0.11048869788646698
245221512,0.4772031,0.11930077522993088
244981925,0.24700183,0.06175045669078827
245109218,0.4257362,0.10643404722213745
245154282,0.57424694,0.1435617357492447
245140604,0.63115346,0.15778836607933044
245216485,0.5578842,0.13947105407714844
245084165,0.41741544,0.10435386002063751
124621507,0.42470464,0.10617616027593613
244961057,0.35290042,0.0882251039147377
245078434,0.4061882,0.10154704749584198
244242718,0.32208577,0.08052144199609756
245166310,0.5384202,0.1346050500869751
245065026,0.48194137,0.1204853430390358
122813298,0.5437118,0.1359279453754425
245241743,0.41793936,0.10448484122753143
245071246,0.43104154,0.10776038467884064
245241103,0.4832348,0.12080869823694229
245074682,0.5136977,0.12842442095279694
245085023,0.5900884,0.14752210676670074
245229956,0.4134921,0.10337302833795547
245222781,0.5511897,0.13779743015766144
244965246,0.5962957,0.14907392859458923
242123170,0.6177249,0.15443122386932373
245175605,0.3589216,0.0897303968667984
245109114,0.39770254,0.09942563623189926
245089610,0.40659595,0.10164898633956909
245117209,0.5249834,0.13124585151672363
244964459,0.4041062,0.10102654993534088
245226120,0.12465231,0.031163077801465988
239789003,0.4078421,0.10196052491664886
245112344,0.47398,0.11849500238895416
245085381,0.46748632,0.11687158048152924
240843434,0.4534538,0.11336345225572586
245087624,0.561231,0.14030775427818298
241817275,0.5542071,0.1385517716407776
230257297,0.53010035,0.13252508640289307
243422421,0.33603126,0.08400781452655792
245175729,0.3758089,0.0939522236585617
245063904,0.59427124,0.1485678106546402
243092191,0.41455257,0.10363814234733582
242977376,0.41625935,0.10406483709812164
245067450,0.5149505,0.12873762845993042
245216653,0.36565435,0.09141358733177185
245172511,0.34893036,0.08723258972167969
245081327,0.41926596,0.1048164889216423
245061861,0.3850145,0.09625362604856491
245115341,0.63820803,0.15955200791358948
245151114,0.4358281,0.10895702242851257
245134696,0.5652844,0.1413210928440094
245140636,0.5576102,0.13940255343914032
245091936,0.5315441,0.13288602232933044
245185343,0.5309508,0.13273769617080688
245112728,0.5096237,0.12740592658519745
244956938,0.5456094,0.13640235364437103
245073230,0.35700446,0.08925111591815948
245151183,0.41707256,0.1042681410908699
245063682,0.33574387,0.08393596857786179
244963164,0.5104405,0.12761013209819794
245102196,0.59831935,0.14957983791828156
245020690,0.36931625,0.09232906252145767
245047098,0.55488646,0.13872161507606506
245185209,0.48163572,0.12040892988443375
245080295,0.5649852,0.14124630391597748
245180340,0.38175324,0.09543830901384354
245079281,0.41738057,0.10434514284133911
223891829,0.4339381,0.10848452150821686
245097156,0.4257913,0.10644782334566116
245207165,0.36409557,0.09102389216423035
233207928,0.59564286,0.14891071617603302
245164253,0.36962673,0.09240668267011642
245230656,0.5591829,0.13979572057724
245240740,0.46001005,0.11500251293182373
244958003,0.53081214,0.13270303606987
245035416,0.519026,0.12975649535655975
245172739,0.49152642,0.12288160622119904
245171396,0.43846166,0.10961541533470154
245264514,0.55042183,0.1376054584980011
245119013,0.5452885,0.13632212579250336
245151287,0.39456165,0.09864041209220886
245075090,0.37461656,0.09365414083003998
245059742,0.35352442,0.08838110417127609
245180894,0.59978944,0.1499473601579666
245123750,0.6088833,0.15222083032131195
245116698,0.63046396,0.15761598944664001
245159883,0.56811726,0.1420293152332306
245106669,0.50787723,0.12696930766105652
234416884,0.59030235,0.14757558703422546
245220402,0.4947923,0.12369807809591293
245101924,0.580487,0.1451217532157898
245097608,0.37361562,0.0934039056301117
245191598,0.57617146,0.14404286444187164
244973741,0.50385606,0.12596401572227478
245229148,0.579431,0.1448577493429184
245085596,0.35564083,0.08891020715236664
245119703,0.43193457,0.10798364132642746
245118423,0.43494248,0.10873562097549438
241960045,0.513135,0.12828375399112701
245021394,0.5538519,0.13846297562122345
245151381,0.38904607,0.09726151823997498
245042066,0.43855938,0.10963984578847885
245156413,0.57353526,0.14338381588459015
124627996,0.44441003,0.11110250651836395
245147019,0.39725703,0.09931425750255585
245134681,0.5480513,0.13701282441616058
125354354,0.5949098,0.1487274467945099
245122193,0.30113852,0.07528463006019592
245123604,0.4396053,0.1099013239145279
245128884,0.37262625,0.09315656125545502
245150957,0.61601853,0.15400463342666626
244968699,0.44838533,0.11209633201360703
245207949,0.39096642,0.09774160385131836
245206670,0.5391331,0.13478326797485352
245231439,0.5438846,0.13597114384174347
245032229,0.4515952,0.1128987967967987
245073240,0.50472176,0.12618044018745422
235501020,0.3843825,0.09609562158584595
245026037,0.24065231,0.06016307696700096
245085340,0.42783982,0.10695995390415192
245229103,0.4422335,0.11055837571620941
245235497,0.54694045,0.13673511147499084
245177393,0.3871327,0.09678317606449127
245098289,0.57641906,0.1441047638654709
245048041,0.3677342,0.09193354845046997
245278411,0.580474,0.14511850476264954
245090471,0.54259914,0.13564978539943695
245231726,0.6511647,0.1627911776304245
245194451,0.4416789,0.11041972786188126
245064784,0.4604165,0.11510412395000458
245213509,0.5292854,0.1323213428258896
245091221,0.5135949,0.12839873135089874
245120912,0.53134865,0.13283716142177582
238101308,0.55106485,0.13776621222496033
245127707,0.38216525,0.09554131329059601
245146910,0.46064433,0.11516108363866806
244988989,0.5157152,0.1289287954568863
245037526,0.41208196,0.10302048921585083
245161482,0.501706,0.1254265010356903
245177289,0.59520435,0.14880108833312988
245207900,0.5519857,0.13799642026424408
245113454,0.47795177,0.1194879412651062
234622756,0.4430489,0.11076222360134125
245129996,0.5215518,0.13038794696331024
245141007,0.4131633,0.10329082608222961
240261278,0.58685976,0.1467149406671524
245140745,0.4700391,0.11750977486371994
239634464,0.46121857,0.11530464142560959
245112933,0.5954602,0.14886504411697388
245100408,0.44476652,0.11119163036346436
245074268,0.55002093,0.13750523328781128
245256970,0.622904,0.15572600066661835
245064606,0.54118156,0.13529539108276367
245160525,0.3071236,0.07678090035915375
245226891,0.45102707,0.11275676637887955
245192569,0.5635702,0.14089255034923553
245155093,0.2981273,0.07453182339668274
245117218,0.43840566,0.10960141569375992
245242204,0.47619027,0.11904756724834442
245118252,0.494468,0.12361700087785721
245151623,0.48948637,0.12237159162759781
245231802,0.4621685,0.11554212868213654
245091861,0.4282217,0.1070554256439209
245252129,0.37695345,0.09423836320638657
245013875,0.39450762,0.09862690418958664
245160959,0.56982094,0.14245523512363434
124928398,0.5062291,0.12655727565288544
245146219,0.5431461,0.1357865184545517
245118389,0.6235121,0.15587802231311798
245152883,0.52360815,0.13090203702449799
245090896,0.49799985,0.12449996173381805
245166242,0.58137447,0.145343616604805
244977850,0.51356715,0.1283917874097824
245100202,0.5290391,0.1322597712278366
245109402,0.45240572,0.11310143023729324
245067806,0.5299255,0.1324813812971115
245123537,0.4406237,0.11015592515468597
245048211,0.4479055,0.11197637766599655
245115075,0.5984343,0.1496085822582245
245205997,0.61426204,0.15356551110744476
122590365,0.53265923,0.13316480815410614
245108253,0.49439996,0.12359999120235443
245207788,0.45955488,0.11488872021436691
242261172,0.60454637,0.1511365920305252
245219945,0.38857824,0.09714455902576447
245109315,0.39341936,0.09835483878850937
121280206,0.6307348,0.15768370032310486
245191039,0.55639046,0.13909761607646942
245140623,0.52692556,0.13173139095306396
245152431,0.58643526,0.14660881459712982
245103686,0.46762067,0.11690516769886017
244963803,0.46309057,0.11577264219522476
245069762,0.39943478,0.09985869377851486
245256028,0.5851221,0.14628052711486816
245096499,0.57067794,0.14266948401927948
245220727,0.25126842,0.06281710416078568
231595625,0.39467147,0.09866786748170853
244989776,0.59089124,0.14772281050682068
245161496,0.567632,0.14190800487995148
245144002,0.42138156,0.10534539073705673
245060249,0.52397436,0.13099358975887299
245047745,0.44388932,0.1109723299741745
245072831,0.3775981,0.09439952671527863
245145502,0.61232245,0.15308061242103577
245196446,0.52516013,0.1312900334596634
124901647,0.62011194,0.15502798557281494
245173124,0.6333127,0.15832817554473877
245084624,0.5450366,0.13625915348529816
245125019,0.5789822,0.14474554359912872
245145157,0.46757177,0.11689294129610062
245159604,0.5241454,0.13103635609149933
241798168,0.3224482,0.08061204850673676
245034949,0.6491731,0.16229327023029327
245101531,0.34939337,0.0873483419418335
238475118,0.40919387,0.10229846835136414
245067122,0.5389255,0.13473138213157654
245011008,0.41763052,0.10440763086080551
245061207,0.53717417,0.1342935413122177
245109457,0.36409083,0.09102270752191544
244989845,0.55319065,0.1382976621389389
245130595,0.2289846,0.05724614858627319
244418625,0.5190609,0.12976522743701935
234317947,0.58056545,0.1451413631439209
244956548,0.58046836,0.14511708915233612
245151636,0.28870153,0.07217538356781006
244945196,0.5765369,0.14413422346115112
241840660,0.50951743,0.12737935781478882
121638744,0.41581786,0.10395446419715881
245114491,0.54280317,0.1357007920742035
245180819,0.4746566,0.11866415292024612
245123333,0.45995122,0.1149878054857254
245178624,0.35410434,0.08852608501911163
245237394,0.5144355,0.12860888242721558
244954035,0.61594236,0.15398558974266052
244973486,0.50177914,0.12544478476047516
245115131,0.4139133,0.1034783273935318
245114847,0.49125665,0.12281416356563568
245256148,0.39816248,0.09954062104225159
245177228,0.255978,0.06399449706077576
245123335,0.41652912,0.104132279753685
245113092,0.6015453,0.15038631856441498
244992620,0.48334444,0.12083610892295837
245066309,0.5410868,0.13527169823646545
245047832,0.08249212,0.02062303014099598
245066685,0.6089268,0.15223169326782227
245075009,0.33346373,0.08336593210697174
125388949,0.54866225,0.13716556131839752
245043563,0.615211,0.153802752494812
244973717,0.51830184,0.1295754611492157
245010579,0.5109548,0.12773869931697845
241373224,0.47760788,0.1194019690155983
245051416,0.61544883,0.15386220812797546
236247410,0.30476043,0.07619010657072067
244935669,0.36058542,0.09014635533094406
245097642,0.49894318,0.12473579496145248
245092727,0.5900001,0.14750002324581146
245091697,0.4177767,0.10444417595863342
245141266,0.60243434,0.1506085842847824
123437967,0.5491434,0.13728584349155426
245146741,0.42290574,0.10572643578052521
245120838,0.374735,0.09368374943733215
245037996,0.57795656,0.1444891393184662
245094053,0.5106418,0.12766045331954956
245133847,0.43295917,0.1082397922873497
245074136,0.5711366,0.14278414845466614
245136238,0.42390528,0.10597632080316544
244950003,0.42426568,0.10606642067432404
245135338,0.34347722,0.08586930483579636
232487774,0.50346476,0.12586618959903717
244738945,0.5441748,0.1360436975955963
245134522,0.3867211,0.09668027609586716
245041517,0.49683273,0.12420818209648132
245274105,0.61013794,0.15253448486328125
245100492,0.5877738,0.14694344997406006
245097030,0.39455676,0.09863919019699097
245095602,0.4679007,0.11697517335414886
243359684,0.29414135,0.07353533804416656
245254782,0.5441124,0.13602809607982635
245245110,0.41479695,0.10369923710823059
245133666,0.4781645,0.11954112350940704
242526305,0.3014697,0.07536742836236954
245187093,0.22773562,0.05693390592932701
245160188,0.5873317,0.1468329280614853
245207622,0.4823613,0.12059032171964645
245145042,0.44814187,0.11203546822071075
244986095,0.53209645,0.13302411139011383
245087317,0.5781144,0.1445285975933075
232320128,0.50081706,0.12520426511764526
245250893,0.4729135,0.11822837591171265
245113083,0.5261708,0.13154269754886627
245192712,0.6196081,0.15490202605724335
244929932,0.45488718,0.11372179538011551
241829949,0.6642017,0.16605041921138763
244932780,0.58260447,0.14565111696720123
245130864,0.5550064,0.13875159621238708
245177015,0.55331445,0.13832861185073853
245201938,0.61931795,0.1548294872045517
245021537,0.38875997,0.0971899926662445
245180439,0.5882298,0.147057443857193
245011479,0.5329032,0.13322579860687256
244975112,0.4850472,0.12126179784536362
244954480,0.48794216,0.1219855397939682
245200991,0.4893652,0.12234129756689072
245047453,0.48525718,0.12131429463624954
245179923,0.44992858,0.11248214542865753
245212860,0.5747467,0.1436866819858551
245119223,0.38284546,0.0957113653421402
244982432,0.59063464,0.14765866100788116
239470277,0.42145354,0.1053633838891983
245120392,0.37176907,0.0929422676563263
245201215,0.3870675,0.0967668741941452
242291086,0.49658278,0.12414569407701492
244931028,0.6117028,0.15292569994926453
245254600,0.49434632,0.12358658015727997
245247588,0.557434,0.1393585056066513
245164574,0.32209924,0.08052480965852737
245030976,0.38312966,0.09578241407871246
245171422,0.31797707,0.07949426770210266
245061023,0.47366354,0.11841588467359543
230985504,0.30246514,0.07561628520488739
245237149,0.4458799,0.11146997660398483
244973376,0.53606606,0.1340165138244629
245003621,0.36464188,0.09116046875715256
245155432,0.6060398,0.15150995552539825
245198272,0.45089832,0.11272457987070084
245175315,0.4626425,0.11566062271595001
245140727,0.56127805,0.14031951129436493
245016196,0.5218591,0.13046477735042572
245154295,0.31947705,0.07986926287412643
245030673,0.47051507,0.11762876808643341
245190675,0.44869423,0.11217355728149414
245047378,0.45079303,0.1126982569694519
245181937,0.5053713,0.12634281814098358
245155926,0.41796267,0.10449066758155823
245114158,0.3654993,0.09137482196092606
244964597,0.4241984,0.10604959726333618
245091347,0.4801662,0.12004154920578003
245014942,0.4239794,0.10599485039710999
245144110,0.61418223,0.1535455584526062
245032961,0.59741455,0.14935363829135895
245129318,0.30224746,0.07556186616420746
245090520,0.43694016,0.10923504084348679
245205368,0.53139496,0.13284873962402344
245095895,0.40725976,0.10181494057178497
245129179,0.44996357,0.11249089241027832
245164523,0.4191345,0.10478362441062927
245166767,0.59743804,0.14935950934886932
245084444,0.36618236,0.09154558926820755
245009137,0.50826573,0.12706643342971802
245119636,0.56335,0.14083750545978546
245150929,0.43867832,0.10966958105564117
245140756,0.32420278,0.08105069398880005
245073758,0.44903937,0.11225984245538712
245022765,0.5664995,0.14162486791610718
245216367,0.55073506,0.13768376410007477
245246002,0.37192228,0.09298057109117508
245103431,0.4750499,0.11876247823238373
245065393,0.27800676,0.06950169056653976
245107744,0.47086856,0.11771713942289352
245128678,0.5288089,0.13220222294330597
245139808,0.33771798,0.08442949503660202
245159934,0.27148113,0.06787028163671494
126237468,0.5289148,0.13222870230674744
245169738,0.4633388,0.11583469808101654
245086408,0.6127212,0.1531803011894226
245127990,0.48854792,0.12213698029518127
245128985,0.5306276,0.13265690207481384
245261109,0.37752613,0.09438153356313705
245124901,0.6203972,0.1550993025302887
245041436,0.46760854,0.11690213531255722
245241474,0.43533045,0.10883261263370514
245100351,0.45876148,0.1146903708577156
244963500,0.49827048,0.12456762045621872
245109070,0.59522754,0.1488068848848343
245012655,0.42167082,0.10541770607233047
245123511,0.41518053,0.1037951335310936
245147704,0.22908863,0.057272158563137054
245055346,0.41731825,0.10432956367731094
245141320,0.6209956,0.15524889528751373
245205872,0.4958336,0.12395840138196945
245085976,0.42906234,0.10726558417081833
245014647,0.60081124,0.15020281076431274
245016283,0.4723795,0.11809487640857697
232300072,0.5016556,0.1254138946533203
245121971,0.551228,0.1378069967031479
240362379,0.34525976,0.08631493896245956
245274386,0.5551798,0.1387949436903
245080519,0.56223905,0.14055976271629333
245122310,0.40921536,0.10230384021997452
245046356,0.5435627,0.1358906775712967
245146502,0.59266424,0.14816606044769287
245081248,0.5618093,0.1404523253440857
245188321,0.34659722,0.08664930611848831
245091541,0.49603683,0.12400920689105988
245031467,0.27913114,0.0697827860713005
241918818,0.34627473,0.086568683385849
245023117,0.5916202,0.14790505170822144
244964754,0.5146904,0.12867259979248047
244629031,0.59274185,0.14818546175956726
245170527,0.29039118,0.07259779423475266
245146410,0.32794008,0.08198501914739609
245101670,0.44427252,0.11106812953948975
245162341,0.31256992,0.07814247906208038
245155877,0.31010693,0.07752673327922821
245103477,0.42705148,0.10676287114620209
245002239,0.39776894,0.09944223612546921
240552346,0.5540016,0.1385004073381424
245124865,0.48479322,0.12119830399751663
245135377,0.5326117,0.13315293192863464
244456147,0.4305071,0.107626773416996
245120551,0.32881197,0.08220299333333969
245074237,0.39666528,0.09916631877422333
245172865,0.35541123,0.08885280787944794
245256472,0.54500943,0.13625235855579376
245229412,0.36388963,0.0909724086523056
245230474,0.48772123,0.1219303086400032
245138191,0.43774974,0.10943743586540222
245230784,0.46920824,0.1173020601272583
245202936,0.54201335,0.13550333678722382
245150314,0.56135213,0.14033803343772888
244256659,0.52011955,0.13002988696098328
245181440,0.31523436,0.07880859076976776
245206433,0.44059274,0.11014818400144577
245084894,0.4876333,0.12190832197666168
245043725,0.52025247,0.13006311655044556
245036779,0.52048516,0.13012129068374634
245192475,0.3889291,0.09723227471113205
241793656,0.35521972,0.0888049304485321
245187557,0.46328714,0.11582178622484207
245196076,0.48272967,0.12068241834640503
245043777,0.52992386,0.13248096406459808
245030670,0.54999834,0.1374995857477188
245251418,0.4169751,0.10424377769231796
245093581,0.42940933,0.10735233128070831
245118097,0.515038,0.128759503364563
242843929,0.31036785,0.07759196311235428
244973687,0.5189178,0.12972944974899292
245107141,0.48449543,0.12112385779619217
245135352,0.4773358,0.11933395266532898
245173189,0.54560757,0.13640189170837402
245118395,0.5336281,0.13340702652931213
245150279,0.49709222,0.12427305430173874
245171646,0.45031962,0.11257990449666977
245074848,0.61239386,0.153098464012146
245120903,0.4554336,0.11385840177536011
245095956,0.60412186,0.15103046596050262
245041946,0.51404667,0.12851166725158691
245241027,0.31112587,0.07778146862983704
231316963,0.24603343,0.061508357524871826
245146885,0.3887681,0.09719202667474747
244988097,0.557184,0.13929599523544312
245200959,0.47935045,0.11983761191368103
245179623,0.43763468,0.1094086691737175
245129619,0.44456258,0.1111406460404396
245060592,0.30298758,0.07574689388275146
245202667,0.50160223,0.12540055811405182
245150868,0.6340355,0.15850888192653656
245134472,0.5154973,0.12887433171272278
244987619,0.4233799,0.10584497451782227
245091691,0.6198563,0.15496407449245453
245121012,0.6252723,0.1563180685043335
244964786,0.44769767,0.1119244173169136
245069561,0.5251487,0.13128717243671417
245090795,0.3042348,0.07605870068073273
242701989,0.41382468,0.10345616936683655
245202601,0.50071794,0.1251794844865799
245002975,0.44868186,0.11217046529054642
245150348,0.37188837,0.09297209233045578
245051869,0.550387,0.1375967562198639
123184668,0.54509306,0.13627326488494873
244942102,0.40625456,0.10156363993883133
245226459,0.39737046,0.09934261441230774
245259886,0.53320205,0.1333005130290985
245156342,0.36597672,0.09149418026208878
245134802,0.5926453,0.14816132187843323
245050367,0.59788483,0.1494712084531784
245010527,0.5961972,0.1490492969751358
245181278,0.35420153,0.0885503813624382
245219596,0.44098976,0.11024744063615799
245198971,0.516421,0.12910525500774384
245199044,0.3201415,0.08003537356853485
242188546,0.43347088,0.10836771875619888
245103244,0.5742769,0.1435692310333252
245226345,0.22822346,0.05705586448311806
245172585,0.48051,0.12012749910354614
245192684,0.5063802,0.12659505009651184
245151105,0.20313287,0.05078321695327759
124985082,0.57022893,0.14255723357200623
245196921,0.31875545,0.07968886196613312
236256324,0.6145065,0.15362662076950073
245087156,0.4910208,0.12275519967079163
245248745,0.56242794,0.14060698449611664
244948305,0.5972041,0.14930102229118347
234569735,0.64772546,0.1619313657283783
122181336,0.54628825,0.13657206296920776
245073537,0.5759854,0.14399634301662445
245166647,0.4998092,0.1249523013830185
245166668,0.45709822,0.11427455395460129
221400030,0.40261278,0.10065319389104843
245205410,0.390373,0.09759324789047241
245140866,0.5751688,0.14379219710826874
245080503,0.4797122,0.11992804706096649
245120372,0.4883893,0.12209732830524445
230765516,0.28897074,0.07224268466234207
245073261,0.57617164,0.14404290914535522
245113392,0.542669,0.13566724956035614
245014871,0.29957587,0.07489396631717682
245098206,0.47336045,0.11834011226892471
245081525,0.5239337,0.13098342716693878
245089635,0.6006259,0.15015646815299988
245152535,0.62525064,0.15631265938282013
244985227,0.49513483,0.12378370761871338
244986043,0.41428694,0.10357173532247543
244149863,0.5369775,0.1342443823814392
245100816,0.45409167,0.11352291703224182
245211165,0.41949436,0.10487359017133713
245133657,0.47205445,0.11801361292600632
245250765,0.43278387,0.1081959679722786
241584254,0.5304168,0.1326041966676712
245113597,0.56299084,0.14074771106243134
244952880,0.46843675,0.11710918694734573
245055561,0.2443816,0.061095401644706726
245187809,0.42955878,0.10738969594240189
245171170,0.6612364,0.1653091013431549
245090400,0.50844765,0.12711191177368164
245006306,0.381498,0.09537450224161148
245118383,0.42353728,0.10588432103395462
245047872,0.36764672,0.091911680996418
245089503,0.25835273,0.06458818167448044
245089708,0.47414488,0.11853621900081635
245057597,0.5623689,0.14059223234653473
244998849,0.46088487,0.11522121727466583
234923118,0.531587,0.13289675116539001
245247459,0.57109386,0.14277346432209015
245130042,0.41699713,0.10424928367137909
245139485,0.27542397,0.06885599344968796
244334408,0.21689934,0.054224833846092224
242488466,0.47749287,0.11937321722507477
245156010,0.35653546,0.0891338661313057
245197190,0.45441785,0.11360446363687515
245119174,0.42058212,0.10514552891254425
244963250,0.4701509,0.117537721991539
244993302,0.52232873,0.13058218359947205
245061210,0.5099977,0.12749943137168884
242806835,0.44902155,0.11225538700819016
245156612,0.54009384,0.13502345979213715
245074708,0.57838476,0.1445961892604828
129477105,0.594123,0.1485307514667511
245060640,0.36682966,0.09170741587877274
245136733,0.48416188,0.1210404708981514
245216837,0.4647283,0.11618207395076752
122558527,0.5391823,0.13479557633399963
245190111,0.40889797,0.10222449153661728
245150741,0.5696734,0.14241835474967957
245003436,0.36890155,0.09222538769245148
244954629,0.47869292,0.1196732297539711
245170080,0.42147395,0.1053684875369072
245032943,0.4481272,0.11203180253505707
245190894,0.4151752,0.10379379987716675
238621378,0.23595962,0.05898990482091904
245194874,0.49045953,0.12261488288640976
244565048,0.38402197,0.09600549191236496
245277883,0.46022364,0.11505591124296188
244967661,0.59658486,0.1491462141275406
245113526,0.36276403,0.09069100767374039
245255599,0.5503601,0.13759002089500427
245052904,0.5841057,0.14602641761302948
245162135,0.57658315,0.14414578676223755
242301971,0.5877459,0.14693647623062134
245093341,0.52538246,0.13134561479091644
244941091,0.5048797,0.12621992826461792
245134600,0.39033467,0.09758366644382477
244952906,0.43030682,0.10757670551538467
245116376,0.6102605,0.1525651216506958
245087223,0.46686515,0.11671628803014755
245113460,0.57956505,0.14489126205444336
241462525,0.5279641,0.13199102878570557
245096473,0.26956898,0.0673922449350357
245107285,0.4443643,0.11109107732772827
244922410,0.56695426,0.14173856377601624
245150592,0.6592412,0.16481029987335205
245064598,0.49247694,0.12311923503875732
244960493,0.2553361,0.06383402645587921
244940560,0.43636647,0.109091617166996
245095913,0.45471027,0.11367756873369217
245119710,0.3802965,0.0950741246342659
245122249,0.54179627,0.13544906675815582
240101779,0.47649306,0.11912326514720917
244797505,0.35232267,0.08808066695928574
244955263,0.5064187,0.12660467624664307
244965314,0.2837462,0.07093655318021774
244961453,0.5730496,0.14326240122318268
245246877,0.5099115,0.12747786939144135
245145274,0.56625086,0.14156271517276764
245151791,0.5294956,0.1323738992214203
125237367,0.59799045,0.1494976133108139
245196918,0.61109763,0.1527744084596634
245091927,0.36887273,0.09221818298101425
245085940,0.46166122,0.1154153048992157
245046454,0.61709285,0.15427321195602417
245155518,0.5459608,0.13649019598960876
245062316,0.57870436,0.1446760892868042
243052588,0.5201937,0.13004842400550842
244953979,0.4936631,0.12341577559709549
244622038,0.6077914,0.15194785594940186
245177051,0.50384986,0.12596246600151062
245101449,0.31696293,0.07924073189496994
245098090,0.61188525,0.1529713124036789
245170710,0.42013165,0.10503291338682175
241658019,0.50394213,0.1259855329990387
244936678,0.41025895,0.102564737200737
245205124,0.45332438,0.11333109438419342
244987714,0.6070148,0.15175369381904602
245255189,0.51321554,0.1283038854598999
245180938,0.41254357,0.10313589125871658
245235335,0.61746585,0.15436646342277527
245022065,0.5169768,0.12924419343471527
245144422,0.42976967,0.10744241625070572
245146365,0.56998646,0.14249661564826965
245129317,0.36530432,0.09132608026266098
245033540,0.45193943,0.11298485845327377
245090277,0.47071436,0.11767859011888504
245166762,0.4473213,0.11183032393455505
245089362,0.5594366,0.1398591548204422
245246377,0.38908,0.09726999700069427
245079631,0.40632465,0.1015811637043953
245114465,0.47387505,0.1184687614440918
245202492,0.33683926,0.08420981466770172
245087423,0.48855093,0.12213773280382156
245252182,0.52604574,0.13151143491268158
245122410,0.47872716,0.11968179047107697
238233850,0.51373047,0.12843261659145355
245041899,0.41468033,0.10367008298635483
245037789,0.42972383,0.10743095725774765
245170498,0.58831334,0.14707833528518677
245021850,0.5199015,0.12997537851333618
245171114,0.5849286,0.14623214304447174
245118273,0.5615611,0.1403902769088745
245021228,0.50716007,0.12679001688957214
244935360,0.57507414,0.1437685340642929
245247256,0.62476933,0.1561923325061798
230879656,0.58175206,0.14543801546096802
245046588,0.61649007,0.1541225165128708
122773960,0.54972273,0.13743068277835846
238279727,0.5164932,0.12912330031394958
245252169,0.5595349,0.13988372683525085
245267706,0.33435354,0.0835883840918541
240271624,0.53299415,0.13324853777885437
245190787,0.4632293,0.11580732464790344
245251641,0.590125,0.14753125607967377
245192889,0.49145654,0.12286413460969925
245117471,0.33831325,0.08457831293344498
245264325,0.43517098,0.108792744576931
239031344,0.38676786,0.09669196605682373
245093075,0.36171982,0.09042995423078537
245070668,0.47427863,0.11856965720653534
244999226,0.4612808,0.11532019823789597
244984511,0.45635137,0.11408784240484238
245066388,0.5600039,0.14000096917152405
245224560,0.5217609,0.13044022023677826
245112963,0.3916709,0.09791772812604904
245136184,0.42381978,0.10595494508743286
245136296,0.35929358,0.0898233950138092
245217109,0.46124727,0.11531181633472443
245139839,0.61003035,0.15250758826732635
245141794,0.4875528,0.12188819795846939
245118453,0.4244985,0.1061246246099472
245103651,0.40878156,0.1021953895688057
245165299,0.53052074,0.13263018429279327
245240017,0.5314847,0.13287118077278137
244987909,0.5253878,0.1313469558954239
245156732,0.47908983,0.11977245658636093
245089960,0.41889986,0.10472496598958969
245121728,0.3938279,0.098456971347332
245085137,0.60420585,0.15105146169662476
245074048,0.5307395,0.1326848715543747
245184490,0.52192384,0.13048096001148224
245084401,0.44822058,0.11205514520406723
245124821,0.5690991,0.14227478206157684
245086271,0.40323216,0.1008080393075943
245177193,0.43664822,0.10916205495595932
245007355,0.526325,0.13158124685287476
245108003,0.42888808,0.10722202062606812
242196579,0.39804053,0.09951013326644897
245074086,0.3955602,0.09889005124568939
245085027,0.6214691,0.15536727011203766
232817673,0.5430845,0.13577112555503845
245270023,0.4379636,0.10949090123176575
245000430,0.472542,0.1181354969739914
244944677,0.43932474,0.10983118414878845
245075354,0.5149001,0.12872502207756042
245176018,0.34302917,0.0857572928071022
245213755,0.55553997,0.1388849914073944
245098322,0.6141978,0.1535494476556778
245248463,0.47757104,0.1193927600979805
245156058,0.6100627,0.15251567959785461
245121180,0.53341395,0.13335348665714264
245199141,0.4675128,0.1168781965970993
245059313,0.53485787,0.1337144672870636
244978580,0.5119659,0.1279914677143097
244941406,0.57149625,0.14287406206130981
245201797,0.2933567,0.07333917170763016
245174854,0.594269,0.14856724441051483
245123100,0.52733094,0.13183273375034332
245180089,0.47620887,0.1190522164106369
245070748,0.5216128,0.13040320575237274
244945818,0.49127495,0.12281873822212219
245084724,0.39668766,0.09917191416025162
245101605,0.58267874,0.14566968381404877
245187397,0.5077767,0.1269441694021225
245207750,0.50804335,0.12701083719730377
245091525,0.5351226,0.13378064334392548
242468404,0.37186462,0.09296615421772003
244672074,0.540211,0.13505275547504425
245174597,0.4907857,0.1226964220404625
245246968,0.5379926,0.13449814915657043
245185367,0.582215,0.14555375277996063
244953974,0.5813905,0.14534762501716614
245185960,0.45357653,0.11339413374662399
245133964,0.33469552,0.0836738795042038
245211320,0.3895119,0.09737797826528549
245180279,0.57702076,0.14425519108772278
245275151,0.5362508,0.13406270742416382
245096861,0.42732424,0.10683105885982513
245118882,0.55419314,0.13854828476905823
245161039,0.5195479,0.12988696992397308
245176806,0.44374284,0.11093571037054062
245096268,0.54026175,0.13506543636322021
245100745,0.6462837,0.16157092154026031
245156067,0.5447915,0.13619787991046906
245012439,0.5055888,0.12639720737934113
245048395,0.47688672,0.11922167986631393
245100385,0.23925409,0.059813521802425385
245152377,0.431748,0.10793700069189072
245160307,0.37235376,0.09308844059705734
245169673,0.5244523,0.13111308217048645
239510958,0.49172544,0.12293136119842529
245150052,0.35862905,0.089657261967659
245231599,0.5865287,0.14663217961788177
245074781,0.38385805,0.09596451371908188
245107217,0.5672099,0.14180247485637665
245106815,0.50336254,0.12584063410758972
245083457,0.38871616,0.09717904031276703
245048477,0.47341612,0.11835402995347977
245073348,0.51600826,0.12900206446647644
245140443,0.36673057,0.09168264269828796
245035593,0.5956513,0.14891283214092255
245219469,0.4634168,0.11585420370101929
245205740,0.5229349,0.13073372840881348
245147681,0.5750545,0.14376363158226013
245074400,0.5155261,0.1288815289735794
245140224,0.4212149,0.10530372709035873
245121494,0.4271442,0.10678604990243912
244962788,0.50218576,0.1255464404821396
245205218,0.5271224,0.13178059458732605
245170137,0.26978135,0.06744533777236938
245220483,0.49378306,0.12344576418399811
245148619,0.48252186,0.12063046544790268
232228141,0.43286783,0.10821695625782013
229966157,0.48001206,0.12000301480293274
245140334,0.4539574,0.11348935216665268
245093945,0.5649621,0.14124052226543427
245130013,0.44604856,0.11151213943958282
231855156,0.5483583,0.1370895802974701
245166127,0.39275765,0.09818941354751587
240384991,0.48795772,0.1219894289970398
245091243,0.35856164,0.08964040875434875
245128274,0.5759047,0.14397618174552917
245245339,0.59188443,0.14797110855579376
245078767,0.37575215,0.09393803775310516
245116930,0.45361766,0.11340441554784775
129161617,0.5761544,0.1440386027097702
244972286,0.5359305,0.13398262858390808
245134970,0.5972267,0.14930666983127594
245037781,0.61196154,0.15299038589000702
245140585,0.5073398,0.1268349438905716
245102932,0.54173803,0.13543450832366943
235475168,0.5734859,0.14337147772312164
245063389,0.55842954,0.13960738480091095
245001310,0.37046522,0.09261630475521088
245269761,0.61853504,0.1546337604522705
245219223,0.45968634,0.11492158472537994
245236393,0.32440525,0.08110131323337555
245251766,0.55022734,0.13755683600902557
245165251,0.41969615,0.1049240380525589
245107593,0.64454556,0.16113638877868652
244968934,0.54452986,0.13613246381282806
245142086,0.58770305,0.14692576229572296
245063868,0.5663643,0.14159107208251953
245114523,0.3232526,0.08081314712762833
245184952,0.4481235,0.11203087866306305
245205287,0.37963656,0.09490913897752762
245235202,0.58623224,0.14655806124210358
245100523,0.3006081,0.07515202462673187
245191255,0.4183033,0.10457582771778107
245070807,0.5130905,0.1282726228237152
245051138,0.57236636,0.1430915892124176
233953832,0.33501956,0.08375488966703415
242442413,0.5082972,0.12707430124282837
245081153,0.54716986,0.13679246604442596
245085101,0.5186018,0.12965044379234314
245260480,0.38844436,0.09711109101772308
245120591,0.52932996,0.13233248889446259
245056384,0.46933714,0.11733428388834
245170713,0.2904209,0.07260522246360779
245146183,0.40441087,0.10110271722078323
245226474,0.4955074,0.12387684732675552
245144600,0.3319271,0.08298177272081375
245159960,0.5059842,0.12649604678153992
245213749,0.58536106,0.1463402658700943
245229389,0.3451888,0.08629719913005829
245097154,0.6160321,0.15400803089141846
244967871,0.35580438,0.08895109593868256
245186480,0.4811201,0.12028002738952637
245080023,0.55558014,0.13889503479003906
245043520,0.41649708,0.1041242703795433
245057166,0.3349295,0.08373237401247025
245173085,0.42177686,0.10544421523809433
245169410,0.65585345,0.16396336257457733
245242085,0.50842506,0.12710626423358917
245080312,0.40456367,0.10114091634750366
245133532,0.57565624,0.14391405880451202
245187810,0.3830854,0.09577134996652603
245152191,0.42545998,0.10636499524116516
245159806,0.58124524,0.14531131088733673
245252532,0.5469136,0.1367284059524536
245174838,0.42485934,0.10621483623981476
245040835,0.46341538,0.11585384607315063
245084090,0.5509181,0.13772952556610107
245181738,0.55230963,0.13807740807533264
244965040,0.5573011,0.13932527601718903
245060567,0.6200596,0.15501490235328674
244964866,0.5973444,0.1493360996246338
245248001,0.57803285,0.1445082128047943
245147039,0.57319134,0.14329783618450165
245087440,0.4421499,0.11053747683763504
245179804,0.34497967,0.08624491840600967
234625315,0.4332512,0.10831280052661896
244982051,0.32456,0.08113999664783478
245016686,0.47453523,0.11863380670547485
245078565,0.5309383,0.13273458182811737
238256517,0.29469347,0.07367336750030518
125203157,0.56315833,0.14078958332538605
245122625,0.38530388,0.09632597118616104
245138635,0.36443996,0.0911099910736084
245146753,0.60580164,0.15145041048526764
245107646,0.5070285,0.12675713002681732
245224891,0.18941697,0.04735424369573593
245220239,0.54773134,0.136932834982872
245086741,0.52594405,0.13148601353168488
245145984,0.5932282,0.14830705523490906
245028109,0.50935537,0.12733884155750275
244984666,0.3890381,0.097259521484375
245241740,0.4133257,0.10333142429590225
243360854,0.50009626,0.12502406537532806
245062205,0.59057134,0.1476428359746933
245212307,0.44022948,0.11005736887454987
245181756,0.5958773,0.14896932244300842
245100424,0.5375434,0.1343858540058136
245037321,0.41257328,0.10314331948757172
245152181,0.5545014,0.1386253535747528
245096689,0.6173853,0.15434633195400238
244960543,0.52777326,0.13194331526756287
245102058,0.32656196,0.08164048939943314
245055109,0.59702855,0.1492571383714676
245031795,0.5305799,0.13264498114585876
245202234,0.50226945,0.12556736171245575
245074281,0.41307145,0.1032678633928299
244957715,0.58106285,0.14526571333408356
245136246,0.44471171,0.11117792874574661
244968407,0.5239601,0.13099002838134766
245038356,0.5292904,0.13232259452342987
245139130,0.3609556,0.09023889899253845
245150214,0.39476293,0.09869073331356049
245043129,0.580369,0.14509224891662598
125521028,0.4951313,0.12378282845020294
245112571,0.5931025,0.14827562868595123
245000799,0.51296794,0.12824198603630066
245123847,0.5635869,0.1408967226743698
244944520,0.6118292,0.15295730531215668
241553650,0.25500017,0.06375004351139069
245206971,0.49957263,0.12489315867424011
245181480,0.5866179,0.14665447175502777
245091511,0.5105096,0.1276274025440216
245252280,0.35871726,0.08967931568622589
245042256,0.47893336,0.11973334103822708
245087239,0.53908896,0.13477224111557007
245127156,0.42842764,0.10710690915584564
245167001,0.36728477,0.09182119369506836
238425165,0.25217035,0.06304258853197098
245036486,0.5110434,0.1277608573436737
245127307,0.53503674,0.13375918567180634
238720469,0.46054986,0.11513746529817581
245108449,0.4720501,0.11801252514123917
245116564,0.39998913,0.09999728202819824
245147147,0.42864525,0.10716131329536438
245135068,0.52354425,0.13088606297969818
245090787,0.34899712,0.0872492790222168
245028455,0.67842615,0.1696065366268158
245205790,0.57622576,0.14405643939971924
245190737,0.38814828,0.09703706949949265
245196790,0.48206624,0.12051656097173691
245205747,0.24565578,0.06141394376754761
244978941,0.57350105,0.14337526261806488
245037592,0.48805788,0.12201447039842606
245152473,0.49755996,0.12438999116420746
244959495,0.47467786,0.11866946518421173
245136104,0.49146974,0.12286743521690369
244949631,0.4125464,0.10313659906387329
245108719,0.2657123,0.06642807275056839
245035555,0.41442645,0.10360661149024963
245205873,0.47140047,0.11785011738538742
245170988,0.46947187,0.11736796796321869
245085229,0.5602549,0.14006371796131134
244980762,0.49968323,0.1249208077788353
245102374,0.37727457,0.09431864321231842
245103573,0.54222304,0.13555575907230377
245089077,0.55511993,0.13877998292446136
245207849,0.43231502,0.10807875543832779
245151275,0.52119976,0.13029994070529938
245201275,0.6346831,0.15867076814174652
245050180,0.33300048,0.08325012028217316
245201579,0.5650154,0.14125384390354156
230276302,0.54895574,0.13723893463611603
245196193,0.5378766,0.1344691514968872
245114154,0.60583174,0.15145793557167053
241794266,0.37320176,0.09330043941736221
245171499,0.4808291,0.1202072724699974
245205853,0.5641365,0.14103412628173828
245027772,0.5997856,0.1499464064836502
245186493,0.31651217,0.07912804186344147
242971061,0.45290664,0.11322665959596634
245162284,0.4490899,0.1122724786400795
245203249,0.56149304,0.14037325978279114
245075748,0.34292582,0.08573145419359207
245140220,0.4503325,0.11258312314748764
245262908,0.3797285,0.09493212401866913
245196172,0.34068003,0.08517000824213028
122883674,0.4375138,0.10937844961881638
245259279,0.34841082,0.08710270375013351
245156232,0.4730346,0.11825864762067795
245129336,0.31067544,0.07766886055469513
241891531,0.3413746,0.08534365147352219
245151535,0.4287808,0.10719519853591919
245067578,0.6268833,0.156720831990242
245201090,0.59768546,0.14942136406898499
245211814,0.55429703,0.1385742574930191
128601644,0.6192759,0.15481898188591003
245140829,0.6291706,0.15729264914989471
245169755,0.49379924,0.12344980984926224
245169047,0.54507107,0.1362677663564682
241411185,0.39765355,0.09941338747739792
245075803,0.50340503,0.12585125863552094
245121376,0.3952296,0.09880740195512772
245125053,0.42888245,0.1072206124663353
242922263,0.2874475,0.0718618780374527
245017841,0.63243717,0.15810929238796234
126081686,0.26535386,0.06633846461772919
245140094,0.61893904,0.1547347605228424
245092129,0.4381537,0.10953842848539352
245067304,0.6086994,0.15217484533786774
245129244,0.6113433,0.15283583104610443
123172385,0.558232,0.13955800235271454
245060833,0.52945054,0.13236263394355774
245196496,0.5274747,0.13186867535114288
245226193,0.5626078,0.14065195620059967
245106823,0.5225859,0.1306464821100235
245091726,0.36733934,0.09183483570814133
245142043,0.38983434,0.09745858609676361
245065075,0.4153135,0.10382837802171707
245128153,0.44461867,0.11115466803312302
245033331,0.28902707,0.07225676625967026
245194959,0.5554698,0.13886745274066925
244762809,0.54593855,0.13648463785648346
245252764,0.46580005,0.11645001173019409
245207890,0.53531426,0.1338285654783249
245211823,0.47080654,0.11770163476467133
245234641,0.56262445,0.14065611362457275
233243321,0.33560398,0.08390099555253983
243030975,0.6514224,0.1628555953502655
245093276,0.37821737,0.0945543423295021
244964674,0.45427963,0.11356990784406662
245101926,0.36488008,0.09122002124786377
245106722,0.36681998,0.09170499444007874
245240363,0.37644583,0.09411145746707916
245185675,0.4943561,0.12358902394771576
245021713,0.57522494,0.14380623400211334
245198458,0.6381021,0.159525528550148
245185835,0.360626,0.09015650302171707
245052320,0.41794294,0.10448573529720306
244940102,0.50740206,0.12685051560401917
245086374,0.55861884,0.1396547108888626
245118006,0.5491791,0.13729476928710938
245124335,0.4393287,0.10983217507600784
245090685,0.5374472,0.13436180353164673
245042580,0.56058586,0.14014646410942078
244985666,0.3606363,0.09015907347202301
245219383,0.46631917,0.11657979339361191
244983010,0.6019086,0.15047715604305267
245174884,0.57180953,0.14295238256454468
244993004,0.4580085,0.11450212448835373
244286331,0.30648404,0.07662101089954376
245002813,0.5325095,0.1331273764371872
244964621,0.48705372,0.1217634305357933
245190910,0.5433902,0.1358475536108017
245142238,0.49136633,0.12284158170223236
245175597,0.52734125,0.13183531165122986
244968548,0.2637227,0.06593067198991776
245059583,0.540735,0.13518375158309937
245086472,0.43957236,0.10989309102296829
242594670,0.34647802,0.08661950379610062
244894953,0.5392319,0.13480797410011292
244988033,0.36462697,0.0911567434668541
245180277,0.5538038,0.13845095038414001
245170549,0.5204924,0.1301230937242508
245174611,0.60672903,0.15168225765228271
233968011,0.5638995,0.14097487926483154
245097023,0.4787335,0.11968337744474411
244967034,0.4717966,0.11794915050268173
245035564,0.23180394,0.05795098468661308
245144430,0.5229977,0.1307494193315506
245256078,0.3368337,0.0842084214091301
245176103,0.24667934,0.061669833958148956
245056755,0.39941734,0.09985433518886566
245155707,0.5448828,0.13622069358825684
244979023,0.52431995,0.13107998669147491
245202305,0.44067007,0.11016751825809479
245154486,0.55699074,0.13924768567085266
238465003,0.5781532,0.1445382982492447
245124796,0.5586083,0.1396520733833313
245207096,0.40633845,0.10158461332321167
245123647,0.49612215,0.12403053790330887
242998488,0.37120253,0.09280063211917877
240880229,0.46445554,0.11611388623714447
245255547,0.51308656,0.12827163934707642
245152109,0.6094334,0.15235835313796997
235562614,0.47924322,0.1198108047246933
245202809,0.5641613,0.14104032516479492
245043801,0.36119717,0.09029929339885712
245040558,0.5568541,0.13921353220939636
245178893,0.4365275,0.10913187265396118
245130673,0.40702972,0.10175742954015732
245202932,0.62975115,0.1574377864599228
245036780,0.45625392,0.11406347900629044
128532209,0.37983453,0.09495863318443298
244909050,0.64562124,0.1614053100347519
245119476,0.57528657,0.14382164180278778
245229080,0.5316363,0.13290907442569733
244954193,0.5832516,0.14581289887428284
125736637,0.5481731,0.1370432823896408
245122787,0.41346288,0.10336571931838989
245061426,0.6202046,0.15505115687847137
245091455,0.39343932,0.09835983067750931
245107110,0.59679383,0.14919845759868622
245112739,0.4420037,0.11050092428922653
235440469,0.5639671,0.14099177718162537
245107606,0.6184375,0.15460938215255737
245075618,0.6307873,0.15769682824611664
245199183,0.4629261,0.11573152244091034
245047166,0.55215526,0.13803881406784058
245211665,0.55487806,0.13871951401233673
245085350,0.55990434,0.13997608423233032
245202890,0.52348953,0.13087238371372223
245122170,0.50584733,0.12646183371543884
245212568,0.5703136,0.1425783932209015
244917891,0.41627958,0.10406989604234695
245192846,0.6389958,0.15974895656108856
237637272,0.58887494,0.1472187340259552
245030186,0.37171537,0.09292884171009064
245087527,0.45597714,0.1139942854642868
245154603,0.38871282,0.09717820584774017
245040501,0.4400537,0.11001342535018921
245097521,0.39756963,0.09939240664243698
245186294,0.556196,0.1390489935874939
244956854,0.29627362,0.07406840473413467
245187396,0.28413957,0.07103489339351654
245226499,0.41595852,0.1039896309375763
244933794,0.54015,0.13503749668598175
245128977,0.46127972,0.11531993001699448
241500563,0.50170934,0.12542733550071716
245117167,0.45063353,0.11265838146209717
242790065,0.3733225,0.09333062171936035
245152617,0.49788705,0.1244717612862587
245241848,0.5138059,0.12845148146152496
245093334,0.5299748,0.13249370455741882
245037735,0.3749928,0.09374819695949554
245196374,0.41329405,0.10332351177930832
126007443,0.43679282,0.1091982051730156
245140686,0.6117255,0.15293137729167938
245219180,0.5745193,0.14362981915473938
245096597,0.6139583,0.15348957479000092
245098177,0.36592677,0.09148169308900833
245044396,0.57542783,0.1438569575548172
244936722,0.49199948,0.12299986928701401
245101773,0.30927297,0.07731824368238449
245055627,0.4948995,0.12372487783432007
244999025,0.4796616,0.11991540342569351
241808166,0.5369921,0.1342480182647705
235895677,0.39927888,0.09981971979141235
245085657,0.5316024,0.13290059566497803
245073705,0.56089044,0.14022260904312134
245138831,0.59420884,0.14855220913887024
245221012,0.5386463,0.13466157019138336
245130601,0.34248006,0.08562001585960388
123852080,0.69804066,0.1745101660490036
245099705,0.5346832,0.13367080688476562
245203040,0.55397546,0.1384938657283783
245067471,0.41937467,0.10484366863965988
245187004,0.41001305,0.10250326246023178
237781221,0.5133267,0.12833167612552643
245202067,0.49530125,0.1238253116607666
245127441,0.25363654,0.06340913474559784
245152331,0.50606924,0.12651731073856354
228615774,0.43402177,0.10850544273853302
245202214,0.5224341,0.13060852885246277
245230833,0.37058568,0.09264642000198364
245272968,0.47945896,0.11986473947763443
230044120,0.56446695,0.14111673831939697
245202457,0.45158675,0.11289668828248978
245145579,0.2457965,0.06144912540912628
242180092,0.2080691,0.052017275243997574
245028247,0.41230786,0.10307696461677551
245120501,0.58974487,0.1474362164735794
245144803,0.35987988,0.08996997028589249
236045848,0.395275,0.09881874918937683
245144949,0.56842345,0.1421058624982834
245123814,0.46877795,0.11719448864459991
245041630,0.32124555,0.08031138777732849
245141549,0.4391226,0.10978064686059952
245156599,0.45889288,0.11472322046756744
123005167,0.5384799,0.13461998105049133
245206266,0.5378115,0.13445287942886353
244991125,0.5316303,0.13290756940841675
245235743,0.4611129,0.1152782216668129
245044435,0.5796149,0.14490371942520142
245216758,0.45384246,0.11346061527729034
245141179,0.5668008,0.14170019328594208
245186678,0.3703583,0.09258957207202911
244972267,0.45886132,0.1147153303027153
245002178,0.32612437,0.0815310925245285
245144615,0.539909,0.13497725129127502
245180976,0.413848,0.10346200317144394
244931198,0.30028856,0.07507213950157166
245138725,0.45776942,0.1144423559308052
245229179,0.5660712,0.14151780307292938
245112420,0.45619506,0.11404876410961151
245190028,0.5251849,0.13129623234272003
245176277,0.42524266,0.10631066560745239
244533694,0.5587271,0.13968177139759064
245229323,0.2779134,0.0694783478975296
239439734,0.29263508,0.07315877079963684
245181771,0.48537624,0.12134405970573425
244977383,0.5281471,0.13203677535057068
245170535,0.5624374,0.14060935378074646
238470359,0.57728064,0.14432016015052795
245116613,0.50978225,0.12744556367397308
245114180,0.3813079,0.0953269749879837
244989604,0.47715956,0.11928988993167877
245096767,0.4569283,0.11423207819461823
244964284,0.47888613,0.11972153186798096
245074816,0.59138155,0.14784538745880127
245201581,0.46286327,0.11571581661701202
245206522,0.36488158,0.09122039377689362
245052255,0.56347847,0.1408696174621582
245085559,0.30048493,0.07512123137712479
245098542,0.33426574,0.08356643468141556
244957504,0.54619235,0.13654808700084686
245160769,0.5244473,0.13111183047294617
239394100,0.6069922,0.15174804627895355
239652052,0.28345597,0.0708639919757843
122369165,0.33385772,0.08346442878246307
245145500,0.5297818,0.13244545459747314
245219861,0.45183337,0.11295834183692932
245150192,0.44904357,0.11226089298725128
244985872,0.5878454,0.14696134626865387
244930667,0.37849206,0.09462301433086395
245196978,0.34112617,0.08528154343366623
245118667,0.528045,0.13201124966144562
245226061,0.62917626,0.15729406476020813
129236840,0.5340073,0.1335018277168274
245260675,0.47935182,0.11983795464038849
245133607,0.5866078,0.146651953458786
245127731,0.51185256,0.1279631406068802
245050553,0.40935567,0.10233891755342484
245139897,0.47256634,0.11814158409833908
245144639,0.3301769,0.0825442224740982
238585319,0.43194,0.1079849973320961
122810275,0.5362203,0.13405507802963257
245144562,0.2950408,0.07376019656658173
244972216,0.5274418,0.13186044991016388
245022720,0.41974416,0.10493604093790054
245044356,0.46804085,0.1170102134346962
245013968,0.5031212,0.12578029930591583
245230699,0.40909216,0.10227303951978683
245150553,0.3857122,0.0964280515909195
245171692,0.41790247,0.10447561740875244
245135166,0.38790125,0.09697531163692474
245157299,0.5520992,0.13802480697631836
245062199,0.5391975,0.13479937613010406
245126833,0.51305354,0.12826338410377502
238872295,0.26225504,0.06556376069784164
245065895,0.5805607,0.1451401710510254
121953360,0.5547119,0.13867796957492828
244989646,0.59481907,0.14870476722717285
245145232,0.43821922,0.10955480486154556
122486436,0.3996203,0.09990507364273071
245187622,0.4496236,0.11240590363740921
245208479,0.5965993,0.1491498202085495
245001425,0.4805039,0.12012597173452377
245165079,0.5257295,0.13143236935138702
245165370,0.5666257,0.14165642857551575
245118260,0.5724868,0.14312170445919037
242246793,0.43393755,0.10848438739776611
245070148,0.5998982,0.14997455477714539
231047809,0.5893243,0.14733107388019562
245261406,0.4738413,0.11846032738685608
241220162,0.45787737,0.11446934193372726
245269215,0.5315048,0.1328762024641037
245035346,0.5124669,0.12811672687530518
245108951,0.60856473,0.15214118361473083
245063581,0.366384,0.09159599989652634
245038005,0.4907232,0.12268079817295074
245096683,0.5304091,0.1326022744178772
245201829,0.496609,0.12415225058794022
245097228,0.538916,0.13472899794578552
245087253,0.5324715,0.13311786949634552
245222270,0.5386455,0.13466137647628784
244985764,0.46713486,0.11678371578454971
245167363,0.62380505,0.15595126152038574
245086279,0.57708,0.14427000284194946
245021824,0.46311042,0.11577760428190231
244947722,0.39001253,0.09750313311815262
244988205,0.44842094,0.11210523545742035
244987431,0.5220971,0.13052427768707275
245171707,0.544662,0.13616549968719482
245181475,0.42806935,0.10701733827590942
245176479,0.26498002,0.06624500453472137
245174637,0.5411636,0.13529090583324432
245154366,0.50061363,0.12515340745449066
244977675,0.5815038,0.14537595212459564
245066035,0.50562555,0.12640638649463654
245052495,0.40456998,0.10114249587059021
245161235,0.3126411,0.07816027849912643
245117013,0.5069665,0.12674161791801453
245185113,0.5220349,0.13050872087478638
245092091,0.39709508,0.09927377104759216
244954960,0.5469621,0.1367405205965042
244982113,0.29162785,0.0729069635272026
245045668,0.47386712,0.11846677958965302
245127689,0.3475411,0.08688527345657349
245160871,0.34325576,0.08581393957138062
244989621,0.44845456,0.11211363971233368
244945447,0.35227698,0.08806924521923065
239067290,0.36972445,0.09243111312389374
245010243,0.4673262,0.11683154851198196
245100136,0.5611103,0.14027757942676544
244981928,0.44163707,0.11040926724672318
245177600,0.57062125,0.14265531301498413
244948376,0.44743785,0.11185946315526962
128056006,0.5069756,0.12674389779567719
245174423,0.539317,0.13482925295829773
245236878,0.47811097,0.11952774226665497
245127936,0.37725747,0.09431436657905579
241427297,0.5609229,0.14023073017597198
245192990,0.60833824,0.1520845592021942
245087299,0.41643125,0.1041078120470047
245252260,0.5380836,0.13452090322971344
245089141,0.525132,0.1312830001115799
245096727,0.3761061,0.09402652829885483
245021376,0.4210135,0.10525337606668472
244988818,0.39332783,0.09833195805549622
245146287,0.6313222,0.15783055126667023
245044399,0.43744856,0.10936214029788971
245043700,0.5820618,0.14551545679569244
125857499,0.5234602,0.13086505234241486
245229149,0.3444631,0.0861157774925232
244989200,0.45360392,0.11340098083019257
245125108,0.52026105,0.13006526231765747
245216787,0.44691008,0.1117275208234787
239601948,0.49854624,0.12463656067848206
245124778,0.43508023,0.10877005755901337
245054898,0.48533407,0.1213335171341896
245084788,0.5297828,0.13244569301605225
245252609,0.57525295,0.14381323754787445
245091295,0.49395195,0.12348798662424088
244984840,0.5388711,0.13471777737140656
245246381,0.577876,0.1444689929485321
244988909,0.5140814,0.12852035462856293
245191124,0.41092467,0.10273116827011108
245152512,0.51330507,0.12832626700401306
245047913,0.5532608,0.13831520080566406
245196515,0.33883882,0.08470970392227173
245114650,0.33027825,0.08256956189870834
245207131,0.057144783,0.014286195859313011
245061014,0.4436429,0.11091072857379913
245206144,0.47065246,0.11766311526298523
245070813,0.28856,0.07214000076055527
245091226,0.44568157,0.1114203929901123
245212741,0.58516,0.14629000425338745
245113474,0.5651801,0.14129503071308136
245216857,0.37179765,0.09294941276311874
245086101,0.6240475,0.15601187944412231
242108587,0.38788792,0.09697198122739792
245098358,0.5204122,0.13010305166244507
245100354,0.24375656,0.06093914061784744
245075032,0.37105954,0.09276488423347473
244514993,0.588374,0.1470935046672821
245122658,0.4408859,0.11022147536277771
245241237,0.5620097,0.1405024230480194
245033187,0.57669455,0.14417363703250885
245036088,0.311017,0.07775425165891647
245127138,0.32085037,0.08021259307861328
245230977,0.41550305,0.10387576371431351
125637261,0.54567283,0.1364182084798813
244966244,0.59295326,0.14823831617832184
245191889,0.3893658,0.09734144806861877
230510806,0.38891777,0.09722944349050522
245135734,0.5970989,0.14927472174167633
244945959,0.61848825,0.15462206304073334
245180993,0.42919037,0.10729759186506271
232579258,0.49773285,0.12443321198225021
244967967,0.56336766,0.14084191620349884
245003204,0.329854,0.08246350288391113
245145242,0.31055915,0.07763978838920593
245064965,0.34589565,0.08647391200065613
245037672,0.46143654,0.11535913497209549
245184928,0.4411477,0.11028692871332169
245161299,0.5415432,0.13538579642772675
245252211,0.5472611,0.13681527972221375
245099000,0.5354072,0.1338517963886261
244956347,0.5792064,0.14480160176753998
245248101,0.53524226,0.13381056487560272
245117359,0.59015906,0.14753976464271545
245118798,0.5234135,0.13085336983203888
240674542,0.572142,0.14303550124168396
243411946,0.49038625,0.12259656190872192
245176449,0.5066367,0.12665916979312897
245095918,0.52988744,0.13247185945510864
244997072,0.4182649,0.10456622391939163
123305025,0.16604368,0.041510920971632004
245113645,0.54552,0.13638000190258026
245100430,0.6196812,0.154920294880867
245122419,0.5788327,0.14470817148685455
245181416,0.6129316,0.1532329022884369
244960559,0.54185736,0.13546434044837952
245140943,0.537952,0.13448800146579742
245118023,0.39980882,0.09995220601558685
123076985,0.5723234,0.14308084547519684
245146408,0.3262953,0.08157382160425186
245259113,0.39058164,0.09764540940523148
245111803,0.5186992,0.12967480719089508
245113114,0.54711515,0.13677878677845
245167141,0.56866556,0.1421663910150528
128668065,0.6101649,0.15254122018814087
245147024,0.3968587,0.09921467304229736
245170509,0.25784695,0.06446173787117004
245109906,0.41728845,0.10432211309671402
245213911,0.47059405,0.11764851212501526
245098061,0.35620287,0.08905071765184402
245167380,0.5299512,0.13248780369758606
245172178,0.26179007,0.06544751673936844
245076253,0.56564504,0.14141125977039337
245070671,0.44534484,0.11133620887994766
239474933,0.6186218,0.15465545654296875
244959554,0.5274392,0.13185979425907135
245093227,0.49551615,0.12387903779745102
245109529,0.4439504,0.1109876036643982
125133995,0.55694675,0.1392366886138916
244946502,0.42338508,0.10584627091884613
245079098,0.38070604,0.09517651051282883
245186112,0.5213069,0.13032671809196472
129090216,0.5155897,0.12889742851257324
241335589,0.51140684,0.1278517097234726
244966914,0.5764849,0.1441212296485901
245155919,0.5517491,0.1379372775554657
245134457,0.4727614,0.11819034814834595
245112148,0.3272903,0.08182257413864136
244797238,0.36477816,0.09119454026222229
240061250,0.5370031,0.13425077497959137
245011544,0.41963503,0.10490875691175461
245097386,0.29815808,0.07453951984643936
245142107,0.45067313,0.11266828328371048
245090219,0.38190892,0.09547723084688187
245241642,0.5939899,0.14849747717380524
245051329,0.38709402,0.09677350521087646
245102528,0.5652187,0.14130467176437378
244588530,0.2782463,0.06956157833337784
245172910,0.36011988,0.09002996981143951
245092246,0.60941327,0.15235331654548645
245133730,0.42085043,0.10521260648965836
244991655,0.34405062,0.08601265400648117
245135058,0.6129447,0.15323618054389954
245037442,0.48335314,0.12083828449249268
245155695,0.5369272,0.1342318058013916
244985008,0.28718367,0.07179591804742813
245113956,0.51458037,0.12864509224891663
245060681,0.5743535,0.1435883790254593
245152705,0.3230321,0.08075802773237228
245109764,0.39618438,0.09904609620571136
226725426,0.504439,0.1261097490787506
245155678,0.37985602,0.09496400505304337
245113613,0.50877124,0.12719281017780304
245154493,0.47769755,0.11942438781261444
245001600,0.45220432,0.11305107921361923
244953146,0.62540644,0.15635161101818085
229984071,0.41979095,0.10494773834943771
245086319,0.56204486,0.14051121473312378
245221598,0.5033266,0.12583164870738983
245115218,0.100856096,0.025214023888111115
244954494,0.48259673,0.12064918130636215
245190921,0.54223496,0.13555873930454254
245152666,0.52509993,0.1312749832868576
244994659,0.45793054,0.11448263376951218
245247523,0.29009163,0.07252290844917297
245060970,0.44098413,0.11024603247642517
125652130,0.41694492,0.10423623025417328
245128723,0.44734246,0.11183561384677887
241255734,0.5551715,0.13879287242889404
245121005,0.49531844,0.12382961064577103
245171549,0.5549229,0.1387307196855545
245122905,0.40649235,0.10162308812141418
245092118,0.49055448,0.12263862043619156
245162029,0.53526837,0.13381709158420563
245027842,0.32979506,0.08244876563549042
245229020,0.34679484,0.08669871091842651
125746000,0.5574715,0.13936787843704224
245173300,0.33554202,0.08388550579547882
245074901,0.39438772,0.09859693050384521
245208089,0.34422478,0.0860561951994896
245120940,0.47697735,0.11924433708190918
245146571,0.41956466,0.10489116609096527
245216795,0.51080155,0.12770038843154907
244961124,0.5478534,0.136963352560997
245022833,0.51918757,0.12979689240455627
244944634,0.37320215,0.09330053627490997
241013620,0.48303762,0.12075940519571304
245186409,0.5546191,0.13865476846694946
245141516,0.5500451,0.1375112682580948
229999012,0.44408083,0.11102020740509033
245178745,0.50335526,0.12583881616592407
245160706,0.24445762,0.06111440435051918
130673714,0.51128453,0.12782113254070282
245096001,0.5102097,0.12755241990089417
245195504,0.3957088,0.09892719984054565
244930781,0.538064,0.13451600074768066
245109224,0.31599846,0.07899961620569229
245145198,0.45542383,0.11385595798492432
245085379,0.37021595,0.0925539880990982
245040488,0.40787175,0.1019679382443428
244277622,0.36122525,0.09030631184577942
245206861,0.4039558,0.1009889468550682
242938701,0.436594,0.10914850234985352
244963197,0.62958515,0.15739628672599792
245170901,0.34059548,0.0851488709449768
245129377,0.51267713,0.12816928327083588
245244735,0.59321034,0.1483025848865509
245179910,0.5263183,0.13157957792282104
245103618,0.60300773,0.15075193345546722
244969026,0.5854766,0.14636914432048798
245205891,0.45152327,0.11288081854581833
245026053,0.42949563,0.107373908162117
245027211,0.5725277,0.14313192665576935
245030691,0.38113287,0.09528321772813797
245002399,0.5422169,0.1355542242527008
244950844,0.53559893,0.1338997334241867
245039419,0.26113844,0.0652846097946167
245060577,0.51717067,0.12929266691207886
245216971,0.47441757,0.1186043918132782
245079332,0.5043357,0.12608392536640167
245195558,0.46209666,0.11552416533231735
239016741,0.3717431,0.09293577820062637
245205015,0.5231496,0.13078740239143372
245070234,0.30413094,0.07603273540735245
244998736,0.5516241,0.1379060298204422
245096593,0.46825776,0.11706443876028061
245140681,0.3920386,0.09800965338945389
245081002,0.44919178,0.11229794472455978
245159824,0.40461868,0.10115467011928558
245180336,0.5174065,0.1293516308069229
245108961,0.44751868,0.11187966912984848
245211300,0.47732636,0.11933159083127975
245080585,0.38779846,0.09694961458444595
245108482,0.56196934,0.14049233496189117
245124874,0.64630246,0.16157561540603638
245017985,0.6255779,0.15639448165893555
245166324,0.520833,0.13020825386047363
245236012,0.40990555,0.10247638821601868
245202470,0.34984702,0.08746175467967987
245041649,0.52979624,0.13244906067848206
245195418,0.4342323,0.10855807363986969
245205581,0.37699685,0.09424921125173569
245041388,0.54351777,0.13587944209575653
245002908,0.5930515,0.1482628732919693
245119120,0.5661046,0.14152614772319794
245176908,0.5306975,0.13267438113689423
245047967,0.46719596,0.11679898947477341
245149971,0.49423796,0.12355948984622955
245102812,0.50934774,0.12733693420886993
227117606,0.4847096,0.12117739766836166
245056800,0.53466755,0.13366688787937164
245057464,0.4638312,0.11595779657363892
242575537,0.62521845,0.15630461275577545
245095777,0.24469838,0.06117459386587143
242331177,0.4449846,0.11124615371227264
245048150,0.28526258,0.07131564617156982
245194566,0.41213334,0.10303333401679993
244964867,0.3018006,0.07545015215873718
245112955,0.48115665,0.1202891618013382
244971834,0.5030707,0.12576767802238464
245170811,0.43494588,0.10873647034168243
245226281,0.39240205,0.09810051321983337
245269934,0.42847005,0.10711751133203506
244954071,0.22991028,0.057477571070194244
245023223,0.60902935,0.15225733816623688
245013840,0.5237063,0.13092657923698425
245115128,0.6441021,0.1610255241394043
245093346,0.41126457,0.102816142141819
245033117,0.47390524,0.11847630888223648
245131000,0.3977783,0.09944457560777664
245102496,0.57985437,0.1449635922908783
245046266,0.3212415,0.08031037449836731
245226688,0.54844815,0.13711203634738922
232425493,0.4041397,0.10103492438793182
245129327,0.43240246,0.10810061544179916
245156872,0.27399296,0.06849823892116547
245114667,0.49086708,0.12271676957607269
245173002,0.5448681,0.13621702790260315
245063824,0.40394625,0.10098656266927719
245130788,0.5321889,0.1330472230911255
245082308,0.2832589,0.07081472128629684
245041843,0.4208509,0.1052127256989479
245108318,0.52577156,0.13144288957118988
245107518,0.26906875,0.06726718693971634
245152751,0.3424821,0.08562052249908447
231733959,0.60572004,0.15143001079559326
245113044,0.5349296,0.1337323933839798
245190294,0.4972229,0.12430572509765625
244964781,0.4188287,0.10470717400312424
125028230,0.4771944,0.11929859966039658
239512149,0.34021264,0.08505316078662872
243866115,0.2701063,0.06752657145261765
245185056,0.5544145,0.13860362768173218
232439390,0.51982707,0.12995676696300507
244974543,0.19942789,0.04985697194933891
245187329,0.37089363,0.09272340685129166
245100801,0.45232722,0.11308180540800095
245180725,0.53697217,0.13424304127693176
245082032,0.42769885,0.10692471265792847
245231409,0.6025738,0.150643453001976
245060086,0.35815015,0.08953753858804703
245064424,0.4958523,0.12396307289600372
245098446,0.6668526,0.166713148355484
245150432,0.41912305,0.10478076338768005
245165681,0.58199584,0.14549896121025085
245074697,0.58481055,0.14620263874530792
245197287,0.35841128,0.08960282057523727
228411684,0.5971632,0.1492908000946045
245165249,0.5435505,0.13588762283325195
245080246,0.5006718,0.12516795098781586
245160246,0.5021181,0.12552952766418457
245138556,0.2666241,0.06665602326393127
245114580,0.54490644,0.1362266093492508
245064449,0.537791,0.13444775342941284
245202131,0.57522166,0.14380541443824768
245180098,0.2857116,0.07142789661884308
126186263,0.52410984,0.1310274600982666
245036031,0.24920899,0.06230224668979645
245092130,0.5115898,0.1278974562883377
245093012,0.48674834,0.12168708443641663
245141189,0.30364573,0.07591143250465393
245082142,0.2873301,0.07183252274990082
245097376,0.37874952,0.09468737989664078
245102412,0.45084292,0.11271072924137115
242265546,0.4700739,0.11751847714185715
245103289,0.5777909,0.14444772899150848
245212369,0.22424595,0.05606148764491081
245248495,0.58752495,0.14688123762607574
245252212,0.47159907,0.11789976805448532
245109844,0.42383626,0.10595906525850296
245025486,0.4061464,0.10153660178184509
242583134,0.23129569,0.057823922485113144
244989354,0.59123856,0.14780963957309723
242139392,0.3343517,0.08358792215585709
245073628,0.46202773,0.11550693213939667
245186728,0.54732025,0.13683006167411804
245035662,0.36574727,0.09143681824207306
245166636,0.5749059,0.14372646808624268
245145699,0.58176523,0.14544130861759186
245265140,0.6176157,0.1544039249420166
245046219,0.42468718,0.10617179423570633
245079994,0.5024679,0.12561696767807007
245120380,0.5737782,0.14344455301761627
245147943,0.28271803,0.07067950814962387
245113588,0.41687068,0.10421767085790634
245202221,0.6083855,0.15209637582302094
245181576,0.59273833,0.14818458259105682
243173021,0.38328117,0.09582029283046722
245111600,0.6179753,0.15449382364749908
245059357,0.43267822,0.1081695556640625
245080700,0.41219696,0.10304924100637436
245169754,0.54340523,0.13585130870342255
245229722,0.45184946,0.11296236515045166
245060551,0.37792358,0.09448089450597763
245033338,0.42020273,0.10505068302154541
245224846,0.35941365,0.08985341340303421
245206687,0.5714103,0.1428525745868683
245185718,0.42013648,0.10503412038087845
245064506,0.47429386,0.11857346445322037
245120341,0.5238353,0.13095882534980774
245147827,0.46281695,0.1157042384147644
237976547,0.3410927,0.08527317643165588
245073783,0.6110414,0.1527603566646576
245076352,0.3547076,0.08867689967155457
245247439,0.62472504,0.15618126094341278
233098238,0.45299476,0.11324869096279144
245051489,0.54222745,0.13555686175823212
245125157,0.44207278,0.1105181947350502
245101417,0.5713346,0.1428336501121521
245146648,0.31636417,0.07909104228019714
245205838,0.5434998,0.13587495684623718
245121055,0.42817017,0.10704254359006882
245090144,0.32383436,0.08095858991146088
245141340,0.33113298,0.08278324455022812
245064148,0.37684035,0.09421008825302124
245042444,0.5792651,0.14481627941131592
245191639,0.4446002,0.11115004867315292
245080721,0.40736863,0.10184215754270554
223699200,0.6263979,0.1565994769334793
245228741,0.5009,0.1252249926328659
245226779,0.534299,0.13357475399971008
245145746,0.5430077,0.13575191795825958
241678991,0.4641557,0.11603892594575882
245171185,0.565502,0.14137549698352814
245242002,0.5878261,0.14695651829242706
245236757,0.57573587,0.143933966755867
245040289,0.5047911,0.12619777023792267
245160514,0.4893516,0.12233790010213852
245078913,0.4095673,0.10239182412624359
244953133,0.61714566,0.15428641438484192
245080143,0.41514984,0.10378745943307877
245116664,0.5300273,0.1325068175792694
245205961,0.28370902,0.07092725485563278
245164664,0.5521384,0.13803459703922272
239426977,0.46762574,0.11690643429756165
245185719,0.38771257,0.09692814201116562
245184973,0.55783206,0.13945801556110382
245191350,0.45751476,0.11437869071960449
245102487,0.50179034,0.1254475861787796
245134003,0.31733122,0.07933280616998672
245006211,0.55492884,0.1387322098016739
245060428,0.5700233,0.14250582456588745
245225855,0.46513736,0.1162843406200409
